0,4120,APROBADO
1,247,APROBADO
2,2085,SUBSANADO
3,913,SUBSANADO
4,6878,SUBSANADO
5,9416,SUBSANADO
6,3913,DESESTIMADO
7,3266,EVALUADO
8,9445,PENDIENTE
9,7013,VENCIDO
10,7489,DESESTIMADO
11,1097,EVALUADO
12,280,SUBSANADO
13,1367,DESESTIMADO
14,2419,SUBSANADO
15,1727,DESESTIMADO
16,3311,DESESTIMADO
17,4878,SUBSANADO
18,5764,PENDIENTE
19,4223,SUBSANADO
20,1445,APROBADO
21,2534,DESESTIMADO
22,1337,EVALUADO
23,2807,VENCIDO
24,5100,VENCIDO
25,9763,APROBADO
26,4029,PENDIENTE
27,9615,DESESTIMADO
28,4594,PENDIENTE
29,3751,DESESTIMADO
30,606,EVALUADO
31,1848,APROBADO
32,2936,PENDIENTE
33,8384,VENCIDO
34,7413,PENDIENTE
35,6585,DESESTIMADO
36,996,APROBADO
37,1054,APROBADO
38,4916,VENCIDO
39,8530,SUBSANADO
40,5633,DESESTIMADO
41,3103,EVALUADO
42,2439,APROBADO
43,8254,SUBSANADO
44,1075,PENDIENTE
45,4579,DESESTIMADO
46,8407,PENDIENTE
47,5358,PENDIENTE
48,7855,PENDIENTE
49,2315,SUBSANADO
50,3170,EVALUADO
51,3315,PENDIENTE
52,9120,DESESTIMADO
53,9675,SUBSANADO
54,6671,APROBADO
55,5504,SUBSANADO
56,3001,SUBSANADO
57,2836,SUBSANADO
58,7936,VENCIDO
59,89,VENCIDO
60,856,DESESTIMADO
61,2670,PENDIENTE
62,9616,DESESTIMADO
63,9885,DESESTIMADO
64,7161,SUBSANADO
65,6707,VENCIDO
66,3600,VENCIDO
67,2123,EVALUADO
68,1310,VENCIDO
69,8342,DESESTIMADO
70,7201,SUBSANADO
71,1235,PENDIENTE
72,6311,SUBSANADO
73,9181,EVALUADO
74,3992,SUBSANADO
75,5515,VENCIDO
76,9220,DESESTIMADO
77,5628,APROBADO
78,5922,SUBSANADO
79,6213,DESESTIMADO
80,6503,SUBSANADO
81,8411,PENDIENTE
82,1796,DESESTIMADO
83,5319,APROBADO
84,6396,DESESTIMADO
85,7217,SUBSANADO
86,8781,SUBSANADO
87,5224,PENDIENTE
88,2856,SUBSANADO
89,4665,DESESTIMADO
90,8264,SUBSANADO
91,7286,VENCIDO
92,5317,APROBADO
93,8910,EVALUADO
94,2967,EVALUADO
95,7776,SUBSANADO
96,7986,DESESTIMADO
97,3854,PENDIENTE
98,1209,PENDIENTE
99,2903,PENDIENTE
100,5630,SUBSANADO
101,9224,DESESTIMADO
102,6514,PENDIENTE
103,90,EVALUADO
104,7144,SUBSANADO
105,3057,EVALUADO
106,6188,EVALUADO
107,6045,PENDIENTE
108,6466,SUBSANADO
109,6034,DESESTIMADO
110,1202,EVALUADO
111,7176,SUBSANADO
112,2068,APROBADO
113,9790,PENDIENTE
114,2788,SUBSANADO
115,8747,SUBSANADO
116,3432,PENDIENTE
117,2637,DESESTIMADO
118,3302,DESESTIMADO
119,5967,SUBSANADO
120,6868,EVALUADO
121,610,DESESTIMADO
122,3842,EVALUADO
123,248,APROBADO
124,690,DESESTIMADO
125,1548,EVALUADO
126,2381,DESESTIMADO
127,11,APROBADO
128,2530,APROBADO
129,7872,EVALUADO
130,6602,SUBSANADO
131,643,PENDIENTE
132,886,PENDIENTE
133,465,VENCIDO
134,4957,PENDIENTE
135,4949,PENDIENTE
136,8153,PENDIENTE
137,8009,VENCIDO
138,2918,EVALUADO
139,4682,EVALUADO
140,4817,EVALUADO
141,8404,EVALUADO
142,219,DESESTIMADO
143,8187,EVALUADO
144,1704,VENCIDO
145,9776,EVALUADO
146,8656,PENDIENTE
147,3734,APROBADO
148,338,DESESTIMADO
149,6251,PENDIENTE
150,7337,VENCIDO
151,146,DESESTIMADO
152,3957,APROBADO
153,9436,APROBADO
154,4995,PENDIENTE
155,1622,APROBADO
156,4154,EVALUADO
157,6798,EVALUADO
158,9674,PENDIENTE
159,6042,VENCIDO
160,8929,PENDIENTE
161,5253,VENCIDO
162,9672,VENCIDO
163,560,APROBADO
164,4641,VENCIDO
165,5382,PENDIENTE
166,9110,EVALUADO
167,9994,APROBADO
168,2606,DESESTIMADO
169,3564,APROBADO
170,3317,SUBSANADO
171,8108,EVALUADO
172,6108,PENDIENTE
173,405,EVALUADO
174,2794,APROBADO
175,6112,EVALUADO
176,2806,APROBADO
177,7421,EVALUADO
178,5736,VENCIDO
179,3783,EVALUADO
180,7940,SUBSANADO
181,7820,SUBSANADO
182,9320,PENDIENTE
183,5523,EVALUADO
184,9537,VENCIDO
185,1720,SUBSANADO
186,8429,PENDIENTE
187,8243,DESESTIMADO
188,7737,DESESTIMADO
189,7852,VENCIDO
190,603,APROBADO
191,5396,SUBSANADO
192,339,EVALUADO
193,857,DESESTIMADO
194,2950,SUBSANADO
195,3693,APROBADO
196,9025,EVALUADO
197,6651,APROBADO
198,3332,VENCIDO
199,1597,EVALUADO
200,4509,PENDIENTE
201,6281,DESESTIMADO
202,9221,VENCIDO
203,6203,PENDIENTE
204,3509,EVALUADO
205,2585,DESESTIMADO
206,3082,SUBSANADO
207,8579,SUBSANADO
208,5524,APROBADO
209,4845,APROBADO
210,5547,DESESTIMADO
211,6940,SUBSANADO
212,8454,VENCIDO
213,7849,SUBSANADO
214,1356,VENCIDO
215,7787,PENDIENTE
216,1322,EVALUADO
217,9599,DESESTIMADO
218,2023,APROBADO
219,2614,SUBSANADO
220,5925,SUBSANADO
221,6584,SUBSANADO
222,4683,DESESTIMADO
223,2199,DESESTIMADO
224,5616,VENCIDO
225,2112,PENDIENTE
226,113,EVALUADO
227,1458,DESESTIMADO
228,1618,EVALUADO
229,7230,EVALUADO
230,1161,EVALUADO
231,2622,DESESTIMADO
232,4966,SUBSANADO
233,312,EVALUADO
234,550,PENDIENTE
235,6974,SUBSANADO
236,4112,DESESTIMADO
237,1977,EVALUADO
238,1387,VENCIDO
239,1086,DESESTIMADO
240,21,APROBADO
241,999,EVALUADO
242,6810,APROBADO
243,5913,DESESTIMADO
244,6348,PENDIENTE
245,7997,SUBSANADO
246,587,VENCIDO
247,6585,SUBSANADO
248,2876,DESESTIMADO
249,4752,SUBSANADO
250,615,DESESTIMADO
251,1291,DESESTIMADO
252,7513,SUBSANADO
253,7680,VENCIDO
254,6706,VENCIDO
255,7830,VENCIDO
256,5072,DESESTIMADO
257,1730,VENCIDO
258,1083,SUBSANADO
259,50,PENDIENTE
260,6535,VENCIDO
261,8207,SUBSANADO
262,1181,VENCIDO
263,9718,SUBSANADO
264,1365,EVALUADO
265,1661,VENCIDO
266,4018,VENCIDO
267,2464,PENDIENTE
268,257,VENCIDO
269,5165,PENDIENTE
270,8074,APROBADO
271,7191,VENCIDO
272,5529,SUBSANADO
273,4202,EVALUADO
274,6773,APROBADO
275,9280,PENDIENTE
276,861,PENDIENTE
277,612,DESESTIMADO
278,3715,DESESTIMADO
279,5280,EVALUADO
280,9107,EVALUADO
281,3303,SUBSANADO
282,9512,DESESTIMADO
283,4779,DESESTIMADO
284,9028,EVALUADO
285,6920,PENDIENTE
286,3988,EVALUADO
287,1743,APROBADO
288,6437,EVALUADO
289,2243,PENDIENTE
290,7301,VENCIDO
291,5234,DESESTIMADO
292,9611,APROBADO
293,316,EVALUADO
294,8215,PENDIENTE
295,520,EVALUADO
296,8536,APROBADO
297,9906,EVALUADO
298,5941,SUBSANADO
299,6991,EVALUADO
300,6995,APROBADO
301,6233,VENCIDO
302,1742,PENDIENTE
303,742,DESESTIMADO
304,1353,VENCIDO
305,3515,SUBSANADO
306,9390,PENDIENTE
307,1010,EVALUADO
308,2744,EVALUADO
309,1094,EVALUADO
310,2372,APROBADO
311,3734,VENCIDO
312,2382,EVALUADO
313,2294,APROBADO
314,6638,PENDIENTE
315,271,PENDIENTE
316,8846,SUBSANADO
317,524,EVALUADO
318,566,PENDIENTE
319,5698,EVALUADO
320,2403,VENCIDO
321,7151,DESESTIMADO
322,5483,EVALUADO
323,6760,EVALUADO
324,2861,VENCIDO
325,7932,PENDIENTE
326,9260,DESESTIMADO
327,2048,SUBSANADO
328,9875,APROBADO
329,3038,SUBSANADO
330,1086,DESESTIMADO
331,7305,DESESTIMADO
332,7201,DESESTIMADO
333,8143,EVALUADO
334,359,DESESTIMADO
335,334,VENCIDO
336,9251,SUBSANADO
337,8875,SUBSANADO
338,3763,DESESTIMADO
339,3653,SUBSANADO
340,8036,SUBSANADO
341,3539,VENCIDO
342,3811,APROBADO
343,4875,EVALUADO
344,1633,APROBADO
345,7928,SUBSANADO
346,1063,PENDIENTE
347,4724,VENCIDO
348,3522,PENDIENTE
349,8771,EVALUADO
350,2247,APROBADO
351,623,PENDIENTE
352,2051,APROBADO
353,8070,APROBADO
354,4833,SUBSANADO
355,2174,APROBADO
356,2593,EVALUADO
357,2036,PENDIENTE
358,3629,EVALUADO
359,5241,EVALUADO
360,184,EVALUADO
361,4435,SUBSANADO
362,9425,SUBSANADO
363,9563,PENDIENTE
364,2836,VENCIDO
365,1213,DESESTIMADO
366,1367,SUBSANADO
367,4484,DESESTIMADO
368,6360,APROBADO
369,2496,PENDIENTE
370,6520,DESESTIMADO
371,291,VENCIDO
372,4575,EVALUADO
373,6004,SUBSANADO
374,5963,PENDIENTE
375,3805,DESESTIMADO
376,2749,EVALUADO
377,2110,DESESTIMADO
378,8570,VENCIDO
379,6950,DESESTIMADO
380,7494,DESESTIMADO
381,3673,EVALUADO
382,3940,APROBADO
383,3768,VENCIDO
384,7620,SUBSANADO
385,433,VENCIDO
386,999,DESESTIMADO
387,7739,EVALUADO
388,5702,DESESTIMADO
389,7521,VENCIDO
390,7892,APROBADO
391,6157,EVALUADO
392,8870,EVALUADO
393,7651,PENDIENTE
394,5766,DESESTIMADO
395,2867,SUBSANADO
396,2829,DESESTIMADO
397,4338,APROBADO
398,9981,APROBADO
399,8894,VENCIDO
400,9071,DESESTIMADO
401,8701,DESESTIMADO
402,7776,APROBADO
403,866,VENCIDO
404,7958,PENDIENTE
405,1764,VENCIDO
406,3762,EVALUADO
407,1004,SUBSANADO
408,3916,SUBSANADO
409,2942,PENDIENTE
410,4146,VENCIDO
411,5742,VENCIDO
412,4190,SUBSANADO
413,569,APROBADO
414,5123,SUBSANADO
415,5621,EVALUADO
416,1637,SUBSANADO
417,7702,EVALUADO
418,6727,EVALUADO
419,702,EVALUADO
420,3893,EVALUADO
421,6151,EVALUADO
422,6074,EVALUADO
423,569,DESESTIMADO
424,9260,APROBADO
425,8309,DESESTIMADO
426,4650,SUBSANADO
427,2362,DESESTIMADO
428,3968,SUBSANADO
429,4655,APROBADO
430,1697,APROBADO
431,4753,APROBADO
432,7693,DESESTIMADO
433,291,EVALUADO
434,8651,EVALUADO
435,5057,EVALUADO
436,6588,EVALUADO
437,2590,SUBSANADO
438,5687,DESESTIMADO
439,8253,PENDIENTE
440,9228,DESESTIMADO
441,8041,SUBSANADO
442,1057,EVALUADO
443,2332,SUBSANADO
444,4603,PENDIENTE
445,6156,DESESTIMADO
446,4717,VENCIDO
447,8949,APROBADO
448,2451,EVALUADO
449,215,VENCIDO
450,9068,APROBADO
451,6765,VENCIDO
452,6944,DESESTIMADO
453,6931,SUBSANADO
454,3215,SUBSANADO
455,892,EVALUADO
456,6756,VENCIDO
457,5763,PENDIENTE
458,8884,DESESTIMADO
459,7248,PENDIENTE
460,2185,SUBSANADO
461,9740,EVALUADO
462,7748,EVALUADO
463,8807,PENDIENTE
464,8862,SUBSANADO
465,8284,EVALUADO
466,9962,DESESTIMADO
467,3858,VENCIDO
468,2971,PENDIENTE
469,2556,VENCIDO
470,6699,EVALUADO
471,3650,EVALUADO
472,7415,SUBSANADO
473,6860,DESESTIMADO
474,2214,VENCIDO
475,3139,SUBSANADO
476,5317,APROBADO
477,5957,DESESTIMADO
478,6417,PENDIENTE
479,6487,SUBSANADO
480,9233,APROBADO
481,2056,APROBADO
482,5621,SUBSANADO
483,8860,VENCIDO
484,3559,VENCIDO
485,8512,APROBADO
486,2776,PENDIENTE
487,6755,EVALUADO
488,1233,SUBSANADO
489,1014,PENDIENTE
490,8572,EVALUADO
491,6302,PENDIENTE
492,6020,EVALUADO
493,5147,APROBADO
494,4539,APROBADO
495,5832,SUBSANADO
496,9255,VENCIDO
497,6417,PENDIENTE
498,1463,VENCIDO
499,779,APROBADO
500,8604,APROBADO
501,5646,DESESTIMADO
502,1672,EVALUADO
503,9027,DESESTIMADO
504,2359,APROBADO
505,7832,VENCIDO
506,5163,PENDIENTE
507,4283,PENDIENTE
508,8383,PENDIENTE
509,8566,VENCIDO
510,5334,APROBADO
511,4091,SUBSANADO
512,4940,DESESTIMADO
513,9825,APROBADO
514,337,VENCIDO
515,628,EVALUADO
516,8789,EVALUADO
517,9967,SUBSANADO
518,9275,PENDIENTE
519,4772,VENCIDO
520,9188,SUBSANADO
521,9547,VENCIDO
522,1727,VENCIDO
523,5861,VENCIDO
524,4405,VENCIDO
525,6051,DESESTIMADO
526,4182,APROBADO
527,3955,EVALUADO
528,300,VENCIDO
529,8853,PENDIENTE
530,8019,EVALUADO
531,4887,SUBSANADO
532,6727,VENCIDO
533,1878,SUBSANADO
534,9708,EVALUADO
535,8008,APROBADO
536,6463,VENCIDO
537,2525,PENDIENTE
538,5028,SUBSANADO
539,9441,VENCIDO
540,7493,VENCIDO
541,1912,DESESTIMADO
542,4689,DESESTIMADO
543,57,PENDIENTE
544,3605,DESESTIMADO
545,3401,SUBSANADO
546,2754,SUBSANADO
547,2282,APROBADO
548,1317,APROBADO
549,4455,SUBSANADO
550,5764,APROBADO
551,1118,EVALUADO
552,6073,APROBADO
553,4293,APROBADO
554,301,VENCIDO
555,5875,DESESTIMADO
556,4831,VENCIDO
557,1702,EVALUADO
558,8984,SUBSANADO
559,6845,SUBSANADO
560,8978,APROBADO
561,7755,PENDIENTE
562,4624,VENCIDO
563,4021,DESESTIMADO
564,3395,VENCIDO
565,9319,PENDIENTE
566,7138,DESESTIMADO
567,551,SUBSANADO
568,4886,EVALUADO
569,8642,EVALUADO
570,8588,DESESTIMADO
571,9647,SUBSANADO
572,2714,EVALUADO
573,4823,EVALUADO
574,325,EVALUADO
575,9048,APROBADO
576,3284,APROBADO
577,9588,VENCIDO
578,8388,DESESTIMADO
579,3930,VENCIDO
580,2789,PENDIENTE
581,3187,APROBADO
582,5258,PENDIENTE
583,5185,PENDIENTE
584,2859,PENDIENTE
585,8991,DESESTIMADO
586,3531,DESESTIMADO
587,262,EVALUADO
588,8301,VENCIDO
589,7439,SUBSANADO
590,5486,PENDIENTE
591,9126,PENDIENTE
592,3678,PENDIENTE
593,979,APROBADO
594,3504,EVALUADO
595,1697,PENDIENTE
596,5342,APROBADO
597,5861,APROBADO
598,5092,EVALUADO
599,2337,PENDIENTE
600,475,EVALUADO
601,3112,DESESTIMADO
602,7859,VENCIDO
603,3559,EVALUADO
604,6019,DESESTIMADO
605,866,PENDIENTE
606,7879,APROBADO
607,3609,EVALUADO
608,8464,EVALUADO
609,9594,PENDIENTE
610,5041,DESESTIMADO
611,9458,APROBADO
612,4709,VENCIDO
613,7480,SUBSANADO
614,4811,SUBSANADO
615,4746,DESESTIMADO
616,4993,EVALUADO
617,6365,DESESTIMADO
618,7454,DESESTIMADO
619,8604,APROBADO
620,5805,DESESTIMADO
621,2324,SUBSANADO
622,3949,PENDIENTE
623,9209,VENCIDO
624,603,EVALUADO
625,1426,DESESTIMADO
626,3713,VENCIDO
627,8168,SUBSANADO
628,3695,PENDIENTE
629,9444,SUBSANADO
630,1943,EVALUADO
631,245,DESESTIMADO
632,9724,PENDIENTE
633,4929,VENCIDO
634,8795,VENCIDO
635,8766,DESESTIMADO
636,9214,PENDIENTE
637,2848,EVALUADO
638,4739,EVALUADO
639,9755,SUBSANADO
640,6990,DESESTIMADO
641,4862,SUBSANADO
642,9949,DESESTIMADO
643,5925,VENCIDO
644,3896,EVALUADO
645,8646,EVALUADO
646,3593,DESESTIMADO
647,7858,DESESTIMADO
648,4211,APROBADO
649,9125,APROBADO
650,5279,DESESTIMADO
651,9126,APROBADO
652,9820,EVALUADO
653,2672,APROBADO
654,6353,DESESTIMADO
655,260,DESESTIMADO
656,9478,APROBADO
657,691,VENCIDO
658,2475,SUBSANADO
659,6703,VENCIDO
660,569,EVALUADO
661,2650,DESESTIMADO
662,5628,EVALUADO
663,4619,SUBSANADO
664,6950,VENCIDO
665,328,APROBADO
666,8808,APROBADO
667,8731,APROBADO
668,2798,VENCIDO
669,4853,PENDIENTE
670,578,EVALUADO
671,6749,SUBSANADO
672,4308,PENDIENTE
673,710,PENDIENTE
674,8775,DESESTIMADO
675,7174,APROBADO
676,4378,APROBADO
677,6583,VENCIDO
678,4970,DESESTIMADO
679,857,APROBADO
680,3386,SUBSANADO
681,2520,SUBSANADO
682,8413,PENDIENTE
683,123,DESESTIMADO
684,5599,EVALUADO
685,4157,DESESTIMADO
686,582,APROBADO
687,7019,SUBSANADO
688,4300,SUBSANADO
689,9036,PENDIENTE
690,1811,VENCIDO
691,1335,DESESTIMADO
692,3852,APROBADO
693,4949,PENDIENTE
694,521,APROBADO
695,570,VENCIDO
696,3079,SUBSANADO
697,2294,EVALUADO
698,2972,EVALUADO
699,3182,PENDIENTE
700,4340,APROBADO
701,8954,EVALUADO
702,3149,EVALUADO
703,3136,PENDIENTE
704,1640,SUBSANADO
705,8864,PENDIENTE
706,115,APROBADO
707,8796,SUBSANADO
708,5053,SUBSANADO
709,485,PENDIENTE
710,7053,APROBADO
711,3806,APROBADO
712,9803,PENDIENTE
713,306,VENCIDO
714,8651,SUBSANADO
715,4437,APROBADO
716,5913,PENDIENTE
717,554,SUBSANADO
718,2303,DESESTIMADO
719,7239,SUBSANADO
720,3567,SUBSANADO
721,8816,PENDIENTE
722,4499,VENCIDO
723,3315,PENDIENTE
724,4754,DESESTIMADO
725,7934,VENCIDO
726,8699,EVALUADO
727,8059,VENCIDO
728,6510,DESESTIMADO
729,9961,PENDIENTE
730,7628,DESESTIMADO
731,952,SUBSANADO
732,8919,EVALUADO
733,2738,PENDIENTE
734,2920,PENDIENTE
735,9801,APROBADO
736,9455,SUBSANADO
737,5097,SUBSANADO
738,5667,PENDIENTE
739,6238,DESESTIMADO
740,2581,DESESTIMADO
741,4487,VENCIDO
742,5245,EVALUADO
743,3586,SUBSANADO
744,4607,PENDIENTE
745,1119,DESESTIMADO
746,6000,DESESTIMADO
747,6935,SUBSANADO
748,9590,EVALUADO
749,3797,APROBADO
750,4143,PENDIENTE
751,7362,DESESTIMADO
752,3946,PENDIENTE
753,3252,APROBADO
754,8578,PENDIENTE
755,6953,DESESTIMADO
756,45,EVALUADO
757,1399,DESESTIMADO
758,5632,EVALUADO
759,1185,DESESTIMADO
760,2755,VENCIDO
761,2535,SUBSANADO
762,4119,VENCIDO
763,9733,VENCIDO
764,2558,DESESTIMADO
765,1530,SUBSANADO
766,9416,SUBSANADO
767,190,VENCIDO
768,8956,SUBSANADO
769,325,EVALUADO
770,5246,VENCIDO
771,6939,APROBADO
772,533,EVALUADO
773,7638,PENDIENTE
774,2611,PENDIENTE
775,4843,EVALUADO
776,7460,SUBSANADO
777,2665,SUBSANADO
778,7073,DESESTIMADO
779,9296,APROBADO
780,3851,SUBSANADO
781,2300,PENDIENTE
782,1988,DESESTIMADO
783,4569,DESESTIMADO
784,2765,VENCIDO
785,7120,APROBADO
786,2038,PENDIENTE
787,7916,VENCIDO
788,451,PENDIENTE
789,1920,DESESTIMADO
790,5044,SUBSANADO
791,1533,VENCIDO
792,7165,EVALUADO
793,7497,APROBADO
794,4926,APROBADO
795,9350,DESESTIMADO
796,778,APROBADO
797,4581,VENCIDO
798,3454,EVALUADO
799,517,SUBSANADO
800,1225,DESESTIMADO
801,5618,PENDIENTE
802,7497,DESESTIMADO
803,3936,DESESTIMADO
804,1105,DESESTIMADO
805,7508,PENDIENTE
806,3092,EVALUADO
807,964,VENCIDO
808,1088,EVALUADO
809,3463,VENCIDO
810,614,APROBADO
811,1538,VENCIDO
812,64,PENDIENTE
813,8612,APROBADO
814,665,APROBADO
815,1690,EVALUADO
816,9901,EVALUADO
817,4269,EVALUADO
818,1006,PENDIENTE
819,5410,PENDIENTE
820,6861,VENCIDO
821,8668,SUBSANADO
822,9547,DESESTIMADO
823,6148,DESESTIMADO
824,4128,SUBSANADO
825,106,SUBSANADO
826,1788,PENDIENTE
827,7667,DESESTIMADO
828,8502,APROBADO
829,5763,EVALUADO
830,5852,DESESTIMADO
831,8635,APROBADO
832,4579,DESESTIMADO
833,4762,APROBADO
834,498,SUBSANADO
835,4573,APROBADO
836,7636,VENCIDO
837,3364,SUBSANADO
838,9008,EVALUADO
839,1318,VENCIDO
840,7534,VENCIDO
841,2698,VENCIDO
842,4274,EVALUADO
843,8618,SUBSANADO
844,7883,APROBADO
845,6312,VENCIDO
846,2820,DESESTIMADO
847,6247,DESESTIMADO
848,9548,APROBADO
849,3751,APROBADO
850,2991,DESESTIMADO
851,4139,EVALUADO
852,3107,EVALUADO
853,4056,SUBSANADO
854,452,PENDIENTE
855,2978,PENDIENTE
856,2798,EVALUADO
857,13,APROBADO
858,5519,EVALUADO
859,4543,VENCIDO
860,812,APROBADO
861,9435,APROBADO
862,9625,APROBADO
863,4059,DESESTIMADO
864,3914,EVALUADO
865,2273,VENCIDO
866,5244,APROBADO
867,7022,PENDIENTE
868,9667,VENCIDO
869,7164,VENCIDO
870,5379,DESESTIMADO
871,5692,DESESTIMADO
872,4479,EVALUADO
873,3313,VENCIDO
874,8660,PENDIENTE
875,1676,SUBSANADO
876,1301,DESESTIMADO
877,2599,VENCIDO
878,9303,DESESTIMADO
879,9938,DESESTIMADO
880,1251,APROBADO
881,1973,DESESTIMADO
882,2687,VENCIDO
883,1335,SUBSANADO
884,9832,VENCIDO
885,8393,EVALUADO
886,4791,DESESTIMADO
887,9235,DESESTIMADO
888,9954,VENCIDO
889,7140,APROBADO
890,3276,PENDIENTE
891,7912,SUBSANADO
892,2868,APROBADO
893,7091,VENCIDO
894,5861,APROBADO
895,602,DESESTIMADO
896,8214,VENCIDO
897,7763,EVALUADO
898,4902,APROBADO
899,618,EVALUADO
900,4845,APROBADO
901,9735,DESESTIMADO
902,3711,PENDIENTE
903,1358,EVALUADO
904,5359,SUBSANADO
905,4830,SUBSANADO
906,6887,SUBSANADO
907,9556,APROBADO
908,5766,EVALUADO
909,4719,VENCIDO
910,2455,VENCIDO
911,6348,VENCIDO
912,6983,DESESTIMADO
913,5487,APROBADO
914,6435,SUBSANADO
915,3893,VENCIDO
916,2533,SUBSANADO
917,8032,EVALUADO
918,4295,SUBSANADO
919,3310,DESESTIMADO
920,533,DESESTIMADO
921,1065,EVALUADO
922,7893,DESESTIMADO
923,5537,PENDIENTE
924,3289,SUBSANADO
925,871,PENDIENTE
926,7452,DESESTIMADO
927,3359,APROBADO
928,3057,VENCIDO
929,6783,VENCIDO
930,669,EVALUADO
931,5930,APROBADO
932,1107,DESESTIMADO
933,6893,PENDIENTE
934,4330,APROBADO
935,1217,PENDIENTE
936,7613,VENCIDO
937,977,SUBSANADO
938,4986,VENCIDO
939,1679,EVALUADO
940,7052,SUBSANADO
941,7949,SUBSANADO
942,5334,EVALUADO
943,9637,VENCIDO
944,5152,PENDIENTE
945,8187,APROBADO
946,8972,VENCIDO
947,3842,VENCIDO
948,4148,DESESTIMADO
949,771,EVALUADO
950,1112,EVALUADO
951,1869,SUBSANADO
952,1040,DESESTIMADO
953,7604,APROBADO
954,4056,EVALUADO
955,7082,SUBSANADO
956,9236,APROBADO
957,6738,SUBSANADO
958,5546,EVALUADO
959,3368,VENCIDO
960,9082,SUBSANADO
961,3977,SUBSANADO
962,4111,PENDIENTE
963,5489,PENDIENTE
964,3609,EVALUADO
965,5270,SUBSANADO
966,665,APROBADO
967,1190,PENDIENTE
968,2761,EVALUADO
969,4020,PENDIENTE
970,1649,DESESTIMADO
971,9434,DESESTIMADO
972,354,DESESTIMADO
973,300,PENDIENTE
974,8967,SUBSANADO
975,821,VENCIDO
976,6140,PENDIENTE
977,3473,DESESTIMADO
978,7320,APROBADO
979,3290,PENDIENTE
980,8865,VENCIDO
981,602,PENDIENTE
982,6691,SUBSANADO
983,9215,APROBADO
984,3407,SUBSANADO
985,2040,EVALUADO
986,7593,APROBADO
987,7928,EVALUADO
988,2439,APROBADO
989,9003,EVALUADO
990,6693,PENDIENTE
991,9632,SUBSANADO
992,9189,APROBADO
993,638,EVALUADO
994,7941,EVALUADO
995,2859,EVALUADO
996,5099,SUBSANADO
997,3902,PENDIENTE
998,3018,APROBADO
999,9507,APROBADO
1000,7827,EVALUADO
1001,5878,APROBADO
1002,7718,EVALUADO
1003,6922,EVALUADO
1004,5155,PENDIENTE
1005,8687,APROBADO
1006,23,SUBSANADO
1007,9196,VENCIDO
1008,7706,APROBADO
1009,9316,APROBADO
1010,3776,VENCIDO
1011,7375,VENCIDO
1012,2803,DESESTIMADO
1013,5832,EVALUADO
1014,8010,PENDIENTE
1015,2093,DESESTIMADO
1016,2215,DESESTIMADO
1017,4060,SUBSANADO
1018,1996,APROBADO
1019,2034,PENDIENTE
1020,334,PENDIENTE
1021,3231,VENCIDO
1022,4968,PENDIENTE
1023,4992,SUBSANADO
1024,169,VENCIDO
1025,7582,DESESTIMADO
1026,8635,DESESTIMADO
1027,8465,EVALUADO
1028,2888,EVALUADO
1029,6364,VENCIDO
1030,4228,SUBSANADO
1031,8771,PENDIENTE
1032,2169,APROBADO
1033,3234,SUBSANADO
1034,7371,DESESTIMADO
1035,4497,SUBSANADO
1036,789,PENDIENTE
1037,2548,DESESTIMADO
1038,8538,PENDIENTE
1039,9683,PENDIENTE
1040,185,SUBSANADO
1041,9215,APROBADO
1042,740,PENDIENTE
1043,9939,DESESTIMADO
1044,3210,SUBSANADO
1045,5654,PENDIENTE
1046,7360,EVALUADO
1047,9542,PENDIENTE
1048,9784,PENDIENTE
1049,8401,SUBSANADO
1050,8016,PENDIENTE
1051,7236,EVALUADO
1052,9682,EVALUADO
1053,1699,PENDIENTE
1054,3073,APROBADO
1055,4187,SUBSANADO
1056,1286,VENCIDO
1057,7272,SUBSANADO
1058,8788,EVALUADO
1059,610,EVALUADO
1060,4690,VENCIDO
1061,1869,EVALUADO
1062,9292,DESESTIMADO
1063,9907,APROBADO
1064,6688,PENDIENTE
1065,4864,APROBADO
1066,7509,APROBADO
1067,8147,VENCIDO
1068,3043,DESESTIMADO
1069,4263,APROBADO
1070,9421,SUBSANADO
1071,6053,SUBSANADO
1072,3450,EVALUADO
1073,7132,PENDIENTE
1074,5208,VENCIDO
1075,8796,VENCIDO
1076,2378,VENCIDO
1077,6531,APROBADO
1078,258,EVALUADO
1079,917,SUBSANADO
1080,671,VENCIDO
1081,2329,EVALUADO
1082,3883,DESESTIMADO
1083,2815,DESESTIMADO
1084,9986,DESESTIMADO
1085,1988,APROBADO
1086,8140,PENDIENTE
1087,4335,APROBADO
1088,6136,PENDIENTE
1089,9568,SUBSANADO
1090,2739,DESESTIMADO
1091,8752,PENDIENTE
1092,1647,PENDIENTE
1093,35,SUBSANADO
1094,1784,VENCIDO
1095,1143,VENCIDO
1096,8602,SUBSANADO
1097,1528,DESESTIMADO
1098,7578,VENCIDO
1099,3745,SUBSANADO
1100,4239,SUBSANADO
1101,9574,DESESTIMADO
1102,7039,EVALUADO
1103,8471,SUBSANADO
1104,1842,VENCIDO
1105,8961,PENDIENTE
1106,970,PENDIENTE
1107,3000,VENCIDO
1108,972,EVALUADO
1109,5898,PENDIENTE
1110,7074,VENCIDO
1111,6904,VENCIDO
1112,507,EVALUADO
1113,836,PENDIENTE
1114,4204,PENDIENTE
1115,5655,VENCIDO
1116,6322,DESESTIMADO
1117,1489,VENCIDO
1118,2142,APROBADO
1119,6674,DESESTIMADO
1120,7249,APROBADO
1121,6032,APROBADO
1122,9925,VENCIDO
1123,3285,PENDIENTE
1124,2947,VENCIDO
1125,580,EVALUADO
1126,9031,PENDIENTE
1127,8565,DESESTIMADO
1128,1950,VENCIDO
1129,5100,DESESTIMADO
1130,4889,APROBADO
1131,7806,APROBADO
1132,9520,APROBADO
1133,7851,VENCIDO
1134,2760,APROBADO
1135,2425,DESESTIMADO
1136,5051,DESESTIMADO
1137,7410,EVALUADO
1138,2030,EVALUADO
1139,5887,PENDIENTE
1140,8891,PENDIENTE
1141,7906,SUBSANADO
1142,7831,VENCIDO
1143,5446,SUBSANADO
1144,174,DESESTIMADO
1145,7546,EVALUADO
1146,4161,APROBADO
1147,3638,PENDIENTE
1148,8086,EVALUADO
1149,198,APROBADO
1150,7988,DESESTIMADO
1151,1969,SUBSANADO
1152,9201,VENCIDO
1153,4975,APROBADO
1154,9352,SUBSANADO
1155,5114,APROBADO
1156,4668,DESESTIMADO
1157,6596,DESESTIMADO
1158,4888,DESESTIMADO
1159,4126,SUBSANADO
1160,477,DESESTIMADO
1161,621,VENCIDO
1162,8718,SUBSANADO
1163,4270,PENDIENTE
1164,4006,APROBADO
1165,1401,SUBSANADO
1166,3455,SUBSANADO
1167,9695,VENCIDO
1168,525,VENCIDO
1169,7224,EVALUADO
1170,2437,VENCIDO
1171,9797,PENDIENTE
1172,6568,PENDIENTE
1173,4037,SUBSANADO
1174,4076,DESESTIMADO
1175,7211,APROBADO
1176,2973,APROBADO
1177,5800,DESESTIMADO
1178,3920,PENDIENTE
1179,6737,APROBADO
1180,9874,VENCIDO
1181,6048,VENCIDO
1182,640,DESESTIMADO
1183,885,APROBADO
1184,7353,APROBADO
1185,3673,APROBADO
1186,8719,APROBADO
1187,9683,APROBADO
1188,7947,PENDIENTE
1189,1450,SUBSANADO
1190,9833,EVALUADO
1191,1064,VENCIDO
1192,3179,SUBSANADO
1193,8671,SUBSANADO
1194,2094,APROBADO
1195,9715,PENDIENTE
1196,1652,SUBSANADO
1197,2518,APROBADO
1198,5123,EVALUADO
1199,5265,EVALUADO
1200,5933,VENCIDO
1201,1245,APROBADO
1202,2286,SUBSANADO
1203,4147,APROBADO
1204,3845,SUBSANADO
1205,5982,APROBADO
1206,8110,EVALUADO
1207,2138,VENCIDO
1208,8369,SUBSANADO
1209,7159,VENCIDO
1210,4901,SUBSANADO
1211,5276,SUBSANADO
1212,579,VENCIDO
1213,6669,DESESTIMADO
1214,2820,DESESTIMADO
1215,6583,PENDIENTE
1216,3792,PENDIENTE
1217,8043,SUBSANADO
1218,6494,DESESTIMADO
1219,8733,EVALUADO
1220,1265,EVALUADO
1221,2935,DESESTIMADO
1222,8557,APROBADO
1223,6925,VENCIDO
1224,5567,EVALUADO
1225,4989,VENCIDO
1226,6864,DESESTIMADO
1227,2775,SUBSANADO
1228,1185,SUBSANADO
1229,1511,DESESTIMADO
1230,4053,VENCIDO
1231,9071,APROBADO
1232,4357,SUBSANADO
1233,1418,SUBSANADO
1234,497,DESESTIMADO
1235,7527,PENDIENTE
1236,4903,DESESTIMADO
1237,5127,SUBSANADO
1238,9855,PENDIENTE
1239,7719,APROBADO
1240,4080,DESESTIMADO
1241,534,APROBADO
1242,7651,APROBADO
1243,8132,DESESTIMADO
1244,667,DESESTIMADO
1245,3952,APROBADO
1246,6590,SUBSANADO
1247,6249,DESESTIMADO
1248,557,PENDIENTE
1249,596,SUBSANADO
1250,7852,SUBSANADO
1251,3142,DESESTIMADO
1252,9318,EVALUADO
1253,7652,EVALUADO
1254,6811,APROBADO
1255,3247,VENCIDO
1256,9845,DESESTIMADO
1257,9026,VENCIDO
1258,5487,EVALUADO
1259,8605,PENDIENTE
1260,734,EVALUADO
1261,1606,SUBSANADO
1262,3081,APROBADO
1263,6769,APROBADO
1264,9748,APROBADO
1265,1580,SUBSANADO
1266,3931,SUBSANADO
1267,6701,VENCIDO
1268,4041,DESESTIMADO
1269,9823,VENCIDO
1270,8528,EVALUADO
1271,3694,APROBADO
1272,4565,APROBADO
1273,876,EVALUADO
1274,2222,VENCIDO
1275,277,PENDIENTE
1276,4889,SUBSANADO
1277,6522,PENDIENTE
1278,1292,PENDIENTE
1279,6964,PENDIENTE
1280,7662,SUBSANADO
1281,8752,APROBADO
1282,7022,PENDIENTE
1283,5465,EVALUADO
1284,2158,SUBSANADO
1285,7668,EVALUADO
1286,5971,DESESTIMADO
1287,3740,APROBADO
1288,1145,EVALUADO
1289,5374,EVALUADO
1290,3733,EVALUADO
1291,5389,VENCIDO
1292,7496,DESESTIMADO
1293,5938,SUBSANADO
1294,370,APROBADO
1295,4882,EVALUADO
1296,3140,PENDIENTE
1297,1812,PENDIENTE
1298,9784,DESESTIMADO
1299,9730,PENDIENTE
1300,2966,VENCIDO
1301,1031,APROBADO
1302,4596,PENDIENTE
1303,4718,SUBSANADO
1304,6071,DESESTIMADO
1305,1512,SUBSANADO
1306,4904,DESESTIMADO
1307,2539,VENCIDO
1308,1214,DESESTIMADO
1309,8469,PENDIENTE
1310,3470,DESESTIMADO
1311,959,SUBSANADO
1312,9839,APROBADO
1313,1312,EVALUADO
1314,1725,PENDIENTE
1315,3642,PENDIENTE
1316,4178,PENDIENTE
1317,2047,DESESTIMADO
1318,3513,EVALUADO
1319,7477,PENDIENTE
1320,1854,APROBADO
1321,6558,DESESTIMADO
1322,9629,DESESTIMADO
1323,2271,SUBSANADO
1324,6266,PENDIENTE
1325,1463,SUBSANADO
1326,8129,SUBSANADO
1327,3399,PENDIENTE
1328,9137,APROBADO
1329,2336,DESESTIMADO
1330,3245,EVALUADO
1331,9725,APROBADO
1332,7030,SUBSANADO
1333,3663,VENCIDO
1334,7320,SUBSANADO
1335,2439,SUBSANADO
1336,9941,VENCIDO
1337,9549,DESESTIMADO
1338,9066,VENCIDO
1339,6537,DESESTIMADO
1340,7030,APROBADO
1341,89,DESESTIMADO
1342,8388,EVALUADO
1343,7244,APROBADO
1344,2342,DESESTIMADO
1345,6137,DESESTIMADO
1346,5329,VENCIDO
1347,7874,APROBADO
1348,3021,VENCIDO
1349,2035,PENDIENTE
1350,2223,APROBADO
1351,1649,VENCIDO
1352,746,PENDIENTE
1353,4629,EVALUADO
1354,3123,SUBSANADO
1355,1086,VENCIDO
1356,106,VENCIDO
1357,1607,DESESTIMADO
1358,5173,EVALUADO
1359,5879,PENDIENTE
1360,3059,APROBADO
1361,6601,APROBADO
1362,7365,VENCIDO
1363,218,SUBSANADO
1364,784,EVALUADO
1365,9409,VENCIDO
1366,7830,DESESTIMADO
1367,9605,VENCIDO
1368,4066,PENDIENTE
1369,2411,PENDIENTE
1370,7859,APROBADO
1371,9688,EVALUADO
1372,1713,APROBADO
1373,5258,EVALUADO
1374,619,SUBSANADO
1375,5276,APROBADO
1376,9892,PENDIENTE
1377,6728,PENDIENTE
1378,7444,EVALUADO
1379,5918,SUBSANADO
1380,7539,DESESTIMADO
1381,4872,SUBSANADO
1382,8971,VENCIDO
1383,5282,VENCIDO
1384,6941,SUBSANADO
1385,9945,VENCIDO
1386,9866,EVALUADO
1387,1417,DESESTIMADO
1388,438,APROBADO
1389,615,DESESTIMADO
1390,1829,PENDIENTE
1391,5628,VENCIDO
1392,6752,EVALUADO
1393,1922,EVALUADO
1394,5101,DESESTIMADO
1395,4478,SUBSANADO
1396,8992,VENCIDO
1397,8753,SUBSANADO
1398,4580,APROBADO
1399,3599,PENDIENTE
1400,8953,DESESTIMADO
1401,2317,EVALUADO
1402,8834,EVALUADO
1403,2967,DESESTIMADO
1404,7909,VENCIDO
1405,6008,VENCIDO
1406,2232,DESESTIMADO
1407,7935,EVALUADO
1408,4027,VENCIDO
1409,7142,DESESTIMADO
1410,2159,VENCIDO
1411,6895,DESESTIMADO
1412,5941,PENDIENTE
1413,5267,APROBADO
1414,7025,DESESTIMADO
1415,7198,PENDIENTE
1416,9870,SUBSANADO
1417,9196,DESESTIMADO
1418,6287,DESESTIMADO
1419,9314,VENCIDO
1420,6427,VENCIDO
1421,7964,SUBSANADO
1422,5437,EVALUADO
1423,9272,DESESTIMADO
1424,479,APROBADO
1425,5179,PENDIENTE
1426,3661,DESESTIMADO
1427,771,DESESTIMADO
1428,7429,DESESTIMADO
1429,1427,DESESTIMADO
1430,7982,EVALUADO
1431,3563,APROBADO
1432,1825,EVALUADO
1433,3775,VENCIDO
1434,1900,EVALUADO
1435,175,DESESTIMADO
1436,4940,PENDIENTE
1437,7417,PENDIENTE
1438,695,APROBADO
1439,9341,EVALUADO
1440,2526,EVALUADO
1441,4453,SUBSANADO
1442,8757,APROBADO
1443,3956,PENDIENTE
1444,3122,SUBSANADO
1445,8900,SUBSANADO
1446,8719,EVALUADO
1447,2732,PENDIENTE
1448,3162,SUBSANADO
1449,397,EVALUADO
1450,9000,SUBSANADO
1451,6440,VENCIDO
1452,8545,EVALUADO
1453,9491,PENDIENTE
1454,749,EVALUADO
1455,7051,PENDIENTE
1456,6340,APROBADO
1457,3836,EVALUADO
1458,7853,DESESTIMADO
1459,8090,EVALUADO
1460,3436,VENCIDO
1461,4762,APROBADO
1462,5890,SUBSANADO
1463,2925,APROBADO
1464,4605,PENDIENTE
1465,679,EVALUADO
1466,2548,APROBADO
1467,1687,VENCIDO
1468,4670,PENDIENTE
1469,1398,VENCIDO
1470,2462,EVALUADO
1471,9618,DESESTIMADO
1472,8202,PENDIENTE
1473,1522,APROBADO
1474,2652,PENDIENTE
1475,7446,SUBSANADO
1476,9046,EVALUADO
1477,3859,EVALUADO
1478,9325,EVALUADO
1479,6696,SUBSANADO
1480,1739,APROBADO
1481,2418,APROBADO
1482,7313,APROBADO
1483,3506,DESESTIMADO
1484,3000,DESESTIMADO
1485,4855,SUBSANADO
1486,50,DESESTIMADO
1487,1050,APROBADO
1488,9261,PENDIENTE
1489,1721,PENDIENTE
1490,3519,SUBSANADO
1491,3153,VENCIDO
1492,3565,PENDIENTE
1493,8273,PENDIENTE
1494,8082,APROBADO
1495,3240,APROBADO
1496,8491,EVALUADO
1497,3787,PENDIENTE
1498,9553,EVALUADO
1499,4694,PENDIENTE
1500,2676,VENCIDO
1501,8519,SUBSANADO
1502,4184,APROBADO
1503,9113,PENDIENTE
1504,2306,EVALUADO
1505,4162,VENCIDO
1506,3,SUBSANADO
1507,1269,DESESTIMADO
1508,4553,EVALUADO
1509,3904,DESESTIMADO
1510,6067,EVALUADO
1511,2835,APROBADO
1512,4045,SUBSANADO
1513,8683,SUBSANADO
1514,9829,PENDIENTE
1515,6596,EVALUADO
1516,4354,VENCIDO
1517,9095,SUBSANADO
1518,5504,PENDIENTE
1519,6347,PENDIENTE
1520,4194,SUBSANADO
1521,7748,DESESTIMADO
1522,4536,DESESTIMADO
1523,2879,PENDIENTE
1524,7331,SUBSANADO
1525,3535,SUBSANADO
1526,5274,EVALUADO
1527,8459,SUBSANADO
1528,2348,VENCIDO
1529,8896,SUBSANADO
1530,1468,APROBADO
1531,2524,DESESTIMADO
1532,9270,DESESTIMADO
1533,6200,DESESTIMADO
1534,2412,EVALUADO
1535,5656,PENDIENTE
1536,3207,PENDIENTE
1537,6242,SUBSANADO
1538,9250,DESESTIMADO
1539,2381,SUBSANADO
1540,7967,DESESTIMADO
1541,3880,EVALUADO
1542,9796,APROBADO
1543,2104,DESESTIMADO
1544,7145,PENDIENTE
1545,2324,VENCIDO
1546,774,SUBSANADO
1547,482,VENCIDO
1548,7430,EVALUADO
1549,7008,PENDIENTE
1550,6112,EVALUADO
1551,6128,VENCIDO
1552,8866,DESESTIMADO
1553,5543,SUBSANADO
1554,993,SUBSANADO
1555,7616,SUBSANADO
1556,7710,SUBSANADO
1557,9127,EVALUADO
1558,8090,EVALUADO
1559,4305,VENCIDO
1560,5154,APROBADO
1561,9313,VENCIDO
1562,5919,PENDIENTE
1563,1499,SUBSANADO
1564,8197,VENCIDO
1565,924,EVALUADO
1566,2739,PENDIENTE
1567,1971,PENDIENTE
1568,6011,APROBADO
1569,2655,VENCIDO
1570,3086,DESESTIMADO
1571,7074,EVALUADO
1572,2943,VENCIDO
1573,9074,APROBADO
1574,9392,SUBSANADO
1575,617,DESESTIMADO
1576,775,EVALUADO
1577,443,VENCIDO
1578,1277,DESESTIMADO
1579,3155,APROBADO
1580,3116,DESESTIMADO
1581,3604,DESESTIMADO
1582,3622,DESESTIMADO
1583,7685,VENCIDO
1584,9283,APROBADO
1585,8430,APROBADO
1586,8415,EVALUADO
1587,422,APROBADO
1588,3019,SUBSANADO
1589,3829,PENDIENTE
1590,9824,PENDIENTE
1591,5731,SUBSANADO
1592,7473,APROBADO
1593,5353,VENCIDO
1594,7001,DESESTIMADO
1595,8920,SUBSANADO
1596,2867,PENDIENTE
1597,4075,PENDIENTE
1598,7007,VENCIDO
1599,6820,APROBADO
1600,9000,DESESTIMADO
1601,8595,VENCIDO
1602,6435,VENCIDO
1603,1208,SUBSANADO
1604,3024,APROBADO
1605,1513,EVALUADO
1606,8358,VENCIDO
1607,8056,DESESTIMADO
1608,6308,PENDIENTE
1609,2594,DESESTIMADO
1610,5284,APROBADO
1611,4572,VENCIDO
1612,5045,APROBADO
1613,6190,VENCIDO
1614,4159,PENDIENTE
1615,6755,DESESTIMADO
1616,100,PENDIENTE
1617,5035,PENDIENTE
1618,5177,EVALUADO
1619,1834,PENDIENTE
1620,6223,VENCIDO
1621,7758,APROBADO
1622,3016,PENDIENTE
1623,5396,DESESTIMADO
1624,8298,VENCIDO
1625,2965,EVALUADO
1626,5602,SUBSANADO
1627,3356,EVALUADO
1628,8815,PENDIENTE
1629,8400,SUBSANADO
1630,1006,APROBADO
1631,4385,VENCIDO
1632,7225,APROBADO
1633,18,EVALUADO
1634,2884,EVALUADO
1635,1480,DESESTIMADO
1636,3306,PENDIENTE
1637,1258,DESESTIMADO
1638,4923,PENDIENTE
1639,7480,SUBSANADO
1640,4867,PENDIENTE
1641,5316,APROBADO
1642,4079,VENCIDO
1643,9538,DESESTIMADO
1644,6376,PENDIENTE
1645,965,PENDIENTE
1646,8089,PENDIENTE
1647,9361,SUBSANADO
1648,9844,DESESTIMADO
1649,2707,VENCIDO
1650,7924,APROBADO
1651,3713,PENDIENTE
1652,4430,EVALUADO
1653,402,SUBSANADO
1654,4376,VENCIDO
1655,9440,APROBADO
1656,9542,APROBADO
1657,1442,DESESTIMADO
1658,1988,SUBSANADO
1659,3228,PENDIENTE
1660,9731,APROBADO
1661,27,VENCIDO
1662,5773,SUBSANADO
1663,9204,PENDIENTE
1664,7930,EVALUADO
1665,7544,EVALUADO
1666,6340,APROBADO
1667,572,EVALUADO
1668,3818,VENCIDO
1669,3274,SUBSANADO
1670,7739,EVALUADO
1671,5361,SUBSANADO
1672,1147,EVALUADO
1673,9439,EVALUADO
1674,547,DESESTIMADO
1675,5851,APROBADO
1676,1937,EVALUADO
1677,1934,SUBSANADO
1678,6249,SUBSANADO
1679,2116,DESESTIMADO
1680,3603,DESESTIMADO
1681,7960,VENCIDO
1682,5163,SUBSANADO
1683,7842,VENCIDO
1684,4535,DESESTIMADO
1685,1559,APROBADO
1686,8281,APROBADO
1687,5348,APROBADO
1688,6202,EVALUADO
1689,5431,SUBSANADO
1690,3587,APROBADO
1691,8091,VENCIDO
1692,9181,APROBADO
1693,8812,SUBSANADO
1694,9583,EVALUADO
1695,3675,APROBADO
1696,5561,PENDIENTE
1697,3342,SUBSANADO
1698,6778,APROBADO
1699,8338,APROBADO
1700,5567,SUBSANADO
1701,85,PENDIENTE
1702,9641,PENDIENTE
1703,7175,APROBADO
1704,6619,DESESTIMADO
1705,1619,VENCIDO
1706,7285,EVALUADO
1707,7743,PENDIENTE
1708,2959,VENCIDO
1709,2368,DESESTIMADO
1710,8128,APROBADO
1711,7312,PENDIENTE
1712,9347,VENCIDO
1713,7823,PENDIENTE
1714,430,VENCIDO
1715,1029,APROBADO
1716,8718,PENDIENTE
1717,1819,PENDIENTE
1718,2155,EVALUADO
1719,1236,EVALUADO
1720,3652,DESESTIMADO
1721,118,PENDIENTE
1722,6461,DESESTIMADO
1723,1928,APROBADO
1724,8505,VENCIDO
1725,3471,EVALUADO
1726,5542,APROBADO
1727,4210,PENDIENTE
1728,4325,APROBADO
1729,3652,PENDIENTE
1730,7724,EVALUADO
1731,3708,SUBSANADO
1732,7526,PENDIENTE
1733,7368,DESESTIMADO
1734,1294,VENCIDO
1735,7201,EVALUADO
1736,2400,DESESTIMADO
1737,6172,EVALUADO
1738,2685,APROBADO
1739,1996,DESESTIMADO
1740,2833,EVALUADO
1741,6029,EVALUADO
1742,3326,EVALUADO
1743,8308,PENDIENTE
1744,2077,EVALUADO
1745,6385,EVALUADO
1746,5125,VENCIDO
1747,1700,DESESTIMADO
1748,8971,VENCIDO
1749,8086,VENCIDO
1750,6229,SUBSANADO
1751,4641,VENCIDO
1752,2090,VENCIDO
1753,4041,APROBADO
1754,1271,PENDIENTE
1755,4274,VENCIDO
1756,5766,DESESTIMADO
1757,4296,APROBADO
1758,2267,APROBADO
1759,2448,DESESTIMADO
1760,9651,APROBADO
1761,5525,VENCIDO
1762,7491,DESESTIMADO
1763,7524,DESESTIMADO
1764,2344,SUBSANADO
1765,5890,APROBADO
1766,2111,EVALUADO
1767,6332,VENCIDO
1768,8276,VENCIDO
1769,6069,EVALUADO
1770,8572,SUBSANADO
1771,3388,DESESTIMADO
1772,3152,APROBADO
1773,7245,VENCIDO
1774,6035,PENDIENTE
1775,8425,EVALUADO
1776,6200,DESESTIMADO
1777,5813,EVALUADO
1778,5515,VENCIDO
1779,3296,DESESTIMADO
1780,2040,APROBADO
1781,1842,SUBSANADO
1782,2598,APROBADO
1783,9746,SUBSANADO
1784,7682,PENDIENTE
1785,1338,PENDIENTE
1786,5780,VENCIDO
1787,319,EVALUADO
1788,7397,SUBSANADO
1789,80,EVALUADO
1790,574,VENCIDO
1791,3596,APROBADO
1792,4725,VENCIDO
1793,2100,VENCIDO
1794,8659,SUBSANADO
1795,3794,EVALUADO
1796,3461,SUBSANADO
1797,3586,PENDIENTE
1798,5238,APROBADO
1799,931,SUBSANADO
1800,4896,SUBSANADO
1801,6432,EVALUADO
1802,5349,APROBADO
1803,433,SUBSANADO
1804,3008,APROBADO
1805,3565,APROBADO
1806,251,VENCIDO
1807,5114,SUBSANADO
1808,3797,SUBSANADO
1809,4257,EVALUADO
1810,620,PENDIENTE
1811,4381,EVALUADO
1812,4858,SUBSANADO
1813,1528,EVALUADO
1814,1044,SUBSANADO
1815,5501,VENCIDO
1816,4534,APROBADO
1817,5958,SUBSANADO
1818,9644,APROBADO
1819,585,DESESTIMADO
1820,179,VENCIDO
1821,9124,SUBSANADO
1822,1520,SUBSANADO
1823,1301,DESESTIMADO
1824,4022,SUBSANADO
1825,5756,VENCIDO
1826,3602,EVALUADO
1827,1970,DESESTIMADO
1828,8300,APROBADO
1829,2546,PENDIENTE
1830,1345,PENDIENTE
1831,7040,APROBADO
1832,7867,SUBSANADO
1833,795,EVALUADO
1834,8030,DESESTIMADO
1835,7912,APROBADO
1836,5208,SUBSANADO
1837,7369,SUBSANADO
1838,8707,EVALUADO
1839,5504,SUBSANADO
1840,2799,PENDIENTE
1841,1939,VENCIDO
1842,9586,VENCIDO
1843,441,APROBADO
1844,6109,APROBADO
1845,7645,DESESTIMADO
1846,8843,DESESTIMADO
1847,7164,PENDIENTE
1848,3003,PENDIENTE
1849,126,EVALUADO
1850,6156,APROBADO
1851,7290,PENDIENTE
1852,7065,DESESTIMADO
1853,2713,VENCIDO
1854,5086,DESESTIMADO
1855,1437,PENDIENTE
1856,9456,EVALUADO
1857,3239,PENDIENTE
1858,3599,APROBADO
1859,9314,DESESTIMADO
1860,3769,DESESTIMADO
1861,3406,SUBSANADO
1862,6636,DESESTIMADO
1863,6968,VENCIDO
1864,5438,VENCIDO
1865,6002,APROBADO
1866,7833,VENCIDO
1867,7456,APROBADO
1868,5222,EVALUADO
1869,3252,APROBADO
1870,2982,VENCIDO
1871,9409,APROBADO
1872,8187,VENCIDO
1873,5677,SUBSANADO
1874,8157,APROBADO
1875,6090,DESESTIMADO
1876,5022,SUBSANADO
1877,5495,VENCIDO
1878,3956,DESESTIMADO
1879,7552,SUBSANADO
1880,2595,APROBADO
1881,9418,VENCIDO
1882,3970,DESESTIMADO
1883,3632,EVALUADO
1884,3015,VENCIDO
1885,353,APROBADO
1886,9107,EVALUADO
1887,7369,VENCIDO
1888,7280,PENDIENTE
1889,6654,APROBADO
1890,4314,VENCIDO
1891,9872,SUBSANADO
1892,8655,PENDIENTE
1893,7097,DESESTIMADO
1894,7537,VENCIDO
1895,2643,SUBSANADO
1896,9048,EVALUADO
1897,6437,VENCIDO
1898,4049,SUBSANADO
1899,7735,EVALUADO
1900,3396,SUBSANADO
1901,3754,EVALUADO
1902,6724,EVALUADO
1903,6061,PENDIENTE
1904,1949,APROBADO
1905,9073,DESESTIMADO
1906,2737,DESESTIMADO
1907,1483,APROBADO
1908,7554,VENCIDO
1909,2284,DESESTIMADO
1910,4096,SUBSANADO
1911,5201,SUBSANADO
1912,1941,DESESTIMADO
1913,1429,SUBSANADO
1914,7531,EVALUADO
1915,6322,SUBSANADO
1916,8967,PENDIENTE
1917,5023,SUBSANADO
1918,4732,SUBSANADO
1919,5648,SUBSANADO
1920,21,VENCIDO
1921,4199,EVALUADO
1922,983,SUBSANADO
1923,5299,PENDIENTE
1924,5928,DESESTIMADO
1925,5126,EVALUADO
1926,1670,EVALUADO
1927,4069,EVALUADO
1928,8231,APROBADO
1929,9455,EVALUADO
1930,5172,SUBSANADO
1931,9006,EVALUADO
1932,7348,SUBSANADO
1933,5890,SUBSANADO
1934,5325,DESESTIMADO
1935,9860,PENDIENTE
1936,2523,VENCIDO
1937,6998,SUBSANADO
1938,558,VENCIDO
1939,287,SUBSANADO
1940,6556,APROBADO
1941,9943,VENCIDO
1942,343,SUBSANADO
1943,1129,SUBSANADO
1944,3558,EVALUADO
1945,6482,EVALUADO
1946,3657,APROBADO
1947,2896,DESESTIMADO
1948,4197,PENDIENTE
1949,9732,DESESTIMADO
1950,9655,DESESTIMADO
1951,4395,PENDIENTE
1952,8896,VENCIDO
1953,109,PENDIENTE
1954,866,PENDIENTE
1955,4654,PENDIENTE
1956,2702,APROBADO
1957,5663,PENDIENTE
1958,4751,VENCIDO
1959,8830,DESESTIMADO
1960,4222,EVALUADO
1961,2194,SUBSANADO
1962,2148,PENDIENTE
1963,6868,PENDIENTE
1964,4840,VENCIDO
1965,1305,DESESTIMADO
1966,7760,PENDIENTE
1967,6174,VENCIDO
1968,1993,PENDIENTE
1969,8382,PENDIENTE
1970,311,APROBADO
1971,7439,EVALUADO
1972,2951,EVALUADO
1973,4341,VENCIDO
1974,5554,VENCIDO
1975,5124,PENDIENTE
1976,9819,EVALUADO
1977,6307,APROBADO
1978,7166,PENDIENTE
1979,9509,APROBADO
1980,624,VENCIDO
1981,4202,EVALUADO
1982,4902,EVALUADO
1983,210,APROBADO
1984,9417,APROBADO
1985,5952,APROBADO
1986,5574,PENDIENTE
1987,1333,EVALUADO
1988,9389,APROBADO
1989,2612,APROBADO
1990,3362,PENDIENTE
1991,4825,EVALUADO
1992,1192,VENCIDO
1993,3399,APROBADO
1994,445,PENDIENTE
1995,8025,PENDIENTE
1996,4162,EVALUADO
1997,7048,DESESTIMADO
1998,5319,PENDIENTE
1999,7806,PENDIENTE
2000,3453,DESESTIMADO
2001,4219,DESESTIMADO
2002,9950,EVALUADO
2003,3737,SUBSANADO
2004,2691,PENDIENTE
2005,1579,PENDIENTE
2006,1393,EVALUADO
2007,8375,EVALUADO
2008,3490,PENDIENTE
2009,8568,PENDIENTE
2010,7188,PENDIENTE
2011,5895,VENCIDO
2012,1943,PENDIENTE
2013,918,PENDIENTE
2014,3667,EVALUADO
2015,8152,DESESTIMADO
2016,5375,EVALUADO
2017,2756,DESESTIMADO
2018,9281,PENDIENTE
2019,9939,PENDIENTE
2020,9634,DESESTIMADO
2021,3106,SUBSANADO
2022,3379,APROBADO
2023,1194,APROBADO
2024,7874,PENDIENTE
2025,8087,VENCIDO
2026,5450,EVALUADO
2027,8242,APROBADO
2028,7551,SUBSANADO
2029,1827,APROBADO
2030,1972,APROBADO
2031,2984,PENDIENTE
2032,3179,APROBADO
2033,9478,PENDIENTE
2034,8768,DESESTIMADO
2035,7073,DESESTIMADO
2036,755,APROBADO
2037,8746,PENDIENTE
2038,2499,DESESTIMADO
2039,5383,EVALUADO
2040,1230,VENCIDO
2041,9164,SUBSANADO
2042,2382,SUBSANADO
2043,7494,PENDIENTE
2044,7627,VENCIDO
2045,5867,SUBSANADO
2046,2087,APROBADO
2047,1735,VENCIDO
2048,8096,SUBSANADO
2049,5377,APROBADO
2050,1283,SUBSANADO
2051,5693,VENCIDO
2052,3594,SUBSANADO
2053,7986,PENDIENTE
2054,3444,APROBADO
2055,4153,VENCIDO
2056,3159,EVALUADO
2057,2702,DESESTIMADO
2058,5593,VENCIDO
2059,4521,VENCIDO
2060,3260,VENCIDO
2061,6848,EVALUADO
2062,4884,PENDIENTE
2063,2351,VENCIDO
2064,8934,PENDIENTE
2065,9598,VENCIDO
2066,8802,APROBADO
2067,2355,EVALUADO
2068,8074,PENDIENTE
2069,7316,DESESTIMADO
2070,4351,SUBSANADO
2071,1344,VENCIDO
2072,3942,SUBSANADO
2073,9007,VENCIDO
2074,653,DESESTIMADO
2075,1173,SUBSANADO
2076,1002,EVALUADO
2077,6765,DESESTIMADO
2078,9640,APROBADO
2079,5380,EVALUADO
2080,4497,APROBADO
2081,9348,DESESTIMADO
2082,8593,APROBADO
2083,3271,EVALUADO
2084,7339,DESESTIMADO
2085,8456,VENCIDO
2086,7894,PENDIENTE
2087,7330,VENCIDO
2088,9543,EVALUADO
2089,6807,DESESTIMADO
2090,631,APROBADO
2091,4319,PENDIENTE
2092,8649,DESESTIMADO
2093,1318,PENDIENTE
2094,659,PENDIENTE
2095,2357,SUBSANADO
2096,4003,APROBADO
2097,8915,PENDIENTE
2098,6130,EVALUADO
2099,3018,DESESTIMADO
2100,1767,EVALUADO
2101,6963,EVALUADO
2102,3862,APROBADO
2103,1383,EVALUADO
2104,5236,SUBSANADO
2105,7997,VENCIDO
2106,7431,VENCIDO
2107,3758,DESESTIMADO
2108,7803,EVALUADO
2109,2343,EVALUADO
2110,8261,APROBADO
2111,52,APROBADO
2112,1093,VENCIDO
2113,8397,VENCIDO
2114,2597,VENCIDO
2115,8922,APROBADO
2116,1224,VENCIDO
2117,8946,VENCIDO
2118,9743,EVALUADO
2119,2181,APROBADO
2120,5578,EVALUADO
2121,7390,APROBADO
2122,5910,DESESTIMADO
2123,2331,PENDIENTE
2124,1882,DESESTIMADO
2125,5488,SUBSANADO
2126,5208,SUBSANADO
2127,7479,APROBADO
2128,6779,PENDIENTE
2129,457,PENDIENTE
2130,3452,SUBSANADO
2131,85,APROBADO
2132,1686,PENDIENTE
2133,7478,EVALUADO
2134,2718,DESESTIMADO
2135,5303,APROBADO
2136,1335,PENDIENTE
2137,1365,PENDIENTE
2138,6807,EVALUADO
2139,5612,APROBADO
2140,2451,EVALUADO
2141,2689,EVALUADO
2142,24,VENCIDO
2143,5098,APROBADO
2144,6691,VENCIDO
2145,9151,DESESTIMADO
2146,9,PENDIENTE
2147,4492,EVALUADO
2148,1079,VENCIDO
2149,1390,SUBSANADO
2150,8144,EVALUADO
2151,8150,APROBADO
2152,3194,SUBSANADO
2153,425,EVALUADO
2154,6240,SUBSANADO
2155,8545,DESESTIMADO
2156,5957,APROBADO
2157,9988,APROBADO
2158,1887,VENCIDO
2159,1927,DESESTIMADO
2160,4712,SUBSANADO
2161,5044,VENCIDO
2162,6158,PENDIENTE
2163,1944,DESESTIMADO
2164,8201,SUBSANADO
2165,7546,PENDIENTE
2166,9617,DESESTIMADO
2167,2434,VENCIDO
2168,2484,VENCIDO
2169,9921,VENCIDO
2170,8637,PENDIENTE
2171,730,EVALUADO
2172,371,DESESTIMADO
2173,1841,DESESTIMADO
2174,4627,VENCIDO
2175,7754,PENDIENTE
2176,8488,APROBADO
2177,3842,EVALUADO
2178,2387,EVALUADO
2179,694,EVALUADO
2180,6639,EVALUADO
2181,6149,APROBADO
2182,7825,DESESTIMADO
2183,704,SUBSANADO
2184,2657,PENDIENTE
2185,9138,SUBSANADO
2186,915,DESESTIMADO
2187,5051,VENCIDO
2188,1736,APROBADO
2189,8744,PENDIENTE
2190,4074,APROBADO
2191,5729,PENDIENTE
2192,1872,PENDIENTE
2193,9099,APROBADO
2194,5291,APROBADO
2195,1312,VENCIDO
2196,9619,APROBADO
2197,315,PENDIENTE
2198,9222,DESESTIMADO
2199,271,DESESTIMADO
2200,2634,DESESTIMADO
2201,8341,DESESTIMADO
2202,9668,SUBSANADO
2203,6021,DESESTIMADO
2204,4357,DESESTIMADO
2205,4565,VENCIDO
2206,154,VENCIDO
2207,2472,EVALUADO
2208,1189,SUBSANADO
2209,9988,APROBADO
2210,7190,EVALUADO
2211,9758,SUBSANADO
2212,8793,VENCIDO
2213,3843,APROBADO
2214,2255,SUBSANADO
2215,481,DESESTIMADO
2216,722,APROBADO
2217,1252,SUBSANADO
2218,6876,APROBADO
2219,5498,PENDIENTE
2220,3360,VENCIDO
2221,5948,EVALUADO
2222,1204,APROBADO
2223,5658,APROBADO
2224,3335,EVALUADO
2225,5961,SUBSANADO
2226,1729,EVALUADO
2227,4294,APROBADO
2228,8933,APROBADO
2229,4979,DESESTIMADO
2230,9942,PENDIENTE
2231,5140,PENDIENTE
2232,3594,VENCIDO
2233,3385,DESESTIMADO
2234,7199,VENCIDO
2235,3267,APROBADO
2236,2989,SUBSANADO
2237,5521,SUBSANADO
2238,2279,VENCIDO
2239,8923,APROBADO
2240,1003,APROBADO
2241,7479,SUBSANADO
2242,8966,PENDIENTE
2243,7851,EVALUADO
2244,7789,VENCIDO
2245,9316,VENCIDO
2246,1505,EVALUADO
2247,7023,DESESTIMADO
2248,3188,DESESTIMADO
2249,3235,APROBADO
2250,7568,APROBADO
2251,2533,PENDIENTE
2252,4794,DESESTIMADO
2253,2370,EVALUADO
2254,3322,DESESTIMADO
2255,5086,SUBSANADO
2256,8717,PENDIENTE
2257,7431,EVALUADO
2258,1610,VENCIDO
2259,5827,SUBSANADO
2260,9863,PENDIENTE
2261,5840,EVALUADO
2262,8391,EVALUADO
2263,7613,VENCIDO
2264,1825,PENDIENTE
2265,7381,VENCIDO
2266,2095,SUBSANADO
2267,1048,APROBADO
2268,7536,PENDIENTE
2269,8288,APROBADO
2270,1905,DESESTIMADO
2271,7735,VENCIDO
2272,2618,DESESTIMADO
2273,5718,PENDIENTE
2274,3292,PENDIENTE
2275,2662,APROBADO
2276,2933,DESESTIMADO
2277,202,APROBADO
2278,4383,EVALUADO
2279,4537,DESESTIMADO
2280,4162,EVALUADO
2281,322,EVALUADO
2282,6716,VENCIDO
2283,3985,PENDIENTE
2284,9392,PENDIENTE
2285,3321,PENDIENTE
2286,8360,APROBADO
2287,9121,PENDIENTE
2288,2154,EVALUADO
2289,3894,EVALUADO
2290,6701,VENCIDO
2291,8,DESESTIMADO
2292,5929,APROBADO
2293,62,SUBSANADO
2294,4088,VENCIDO
2295,8108,APROBADO
2296,2503,PENDIENTE
2297,8254,SUBSANADO
2298,6953,DESESTIMADO
2299,7952,PENDIENTE
2300,9747,PENDIENTE
2301,2502,EVALUADO
2302,100,EVALUADO
2303,2873,PENDIENTE
2304,2958,APROBADO
2305,972,VENCIDO
2306,8418,EVALUADO
2307,2997,APROBADO
2308,120,PENDIENTE
2309,458,VENCIDO
2310,4711,DESESTIMADO
2311,155,VENCIDO
2312,7700,VENCIDO
2313,6643,SUBSANADO
2314,9246,SUBSANADO
2315,1394,EVALUADO
2316,5434,PENDIENTE
2317,808,VENCIDO
2318,8001,EVALUADO
2319,8587,EVALUADO
2320,1191,PENDIENTE
2321,20,DESESTIMADO
2322,7144,APROBADO
2323,1208,APROBADO
2324,3646,DESESTIMADO
2325,9773,APROBADO
2326,698,VENCIDO
2327,3485,EVALUADO
2328,3359,DESESTIMADO
2329,9122,DESESTIMADO
2330,3471,PENDIENTE
2331,7050,PENDIENTE
2332,6643,SUBSANADO
2333,8359,SUBSANADO
2334,600,EVALUADO
2335,7344,DESESTIMADO
2336,5903,EVALUADO
2337,9724,PENDIENTE
2338,8958,SUBSANADO
2339,7567,EVALUADO
2340,234,EVALUADO
2341,7739,DESESTIMADO
2342,7141,APROBADO
2343,5112,SUBSANADO
2344,764,SUBSANADO
2345,821,PENDIENTE
2346,8091,EVALUADO
2347,647,VENCIDO
2348,5959,VENCIDO
2349,3157,SUBSANADO
2350,773,SUBSANADO
2351,4242,APROBADO
2352,9223,PENDIENTE
2353,7997,APROBADO
2354,6806,SUBSANADO
2355,6341,EVALUADO
2356,6179,VENCIDO
2357,9988,SUBSANADO
2358,6865,EVALUADO
2359,2776,APROBADO
2360,2767,PENDIENTE
2361,8942,EVALUADO
2362,7247,DESESTIMADO
2363,1396,VENCIDO
2364,4745,VENCIDO
2365,4139,EVALUADO
2366,51,EVALUADO
2367,566,DESESTIMADO
2368,9959,VENCIDO
2369,7587,EVALUADO
2370,9715,DESESTIMADO
2371,73,APROBADO
2372,7929,VENCIDO
2373,9661,EVALUADO
2374,8461,DESESTIMADO
2375,8190,EVALUADO
2376,7369,PENDIENTE
2377,9858,DESESTIMADO
2378,9616,PENDIENTE
2379,1578,VENCIDO
2380,6953,PENDIENTE
2381,952,VENCIDO
2382,3398,VENCIDO
2383,7794,EVALUADO
2384,2453,DESESTIMADO
2385,7751,SUBSANADO
2386,696,APROBADO
2387,5293,DESESTIMADO
2388,5396,SUBSANADO
2389,5299,EVALUADO
2390,8685,VENCIDO
2391,2959,EVALUADO
2392,7052,DESESTIMADO
2393,5060,PENDIENTE
2394,7565,APROBADO
2395,94,APROBADO
2396,1488,VENCIDO
2397,6785,SUBSANADO
2398,4557,APROBADO
2399,1965,EVALUADO
2400,5410,EVALUADO
2401,4678,PENDIENTE
2402,9265,EVALUADO
2403,319,EVALUADO
2404,7036,PENDIENTE
2405,9897,EVALUADO
2406,8017,APROBADO
2407,578,DESESTIMADO
2408,4849,APROBADO
2409,3796,EVALUADO
2410,9233,SUBSANADO
2411,2577,EVALUADO
2412,8201,EVALUADO
2413,1622,DESESTIMADO
2414,4593,EVALUADO
2415,3022,DESESTIMADO
2416,4728,SUBSANADO
2417,6741,DESESTIMADO
2418,9869,APROBADO
2419,8632,PENDIENTE
2420,7521,PENDIENTE
2421,5623,VENCIDO
2422,8703,EVALUADO
2423,6796,EVALUADO
2424,894,DESESTIMADO
2425,3407,SUBSANADO
2426,8602,VENCIDO
2427,3449,APROBADO
2428,193,EVALUADO
2429,4881,DESESTIMADO
2430,7996,SUBSANADO
2431,7995,PENDIENTE
2432,4824,EVALUADO
2433,6876,APROBADO
2434,6481,PENDIENTE
2435,256,EVALUADO
2436,6305,PENDIENTE
2437,71,APROBADO
2438,7933,SUBSANADO
2439,5993,APROBADO
2440,152,SUBSANADO
2441,5773,PENDIENTE
2442,2791,APROBADO
2443,7937,SUBSANADO
2444,6398,DESESTIMADO
2445,8898,EVALUADO
2446,1081,SUBSANADO
2447,8359,DESESTIMADO
2448,2258,VENCIDO
2449,1689,PENDIENTE
2450,784,DESESTIMADO
2451,3253,SUBSANADO
2452,9527,APROBADO
2453,4261,VENCIDO
2454,6150,PENDIENTE
2455,2412,VENCIDO
2456,2612,DESESTIMADO
2457,152,PENDIENTE
2458,8708,DESESTIMADO
2459,893,EVALUADO
2460,9526,APROBADO
2461,231,SUBSANADO
2462,8869,SUBSANADO
2463,9242,PENDIENTE
2464,2293,PENDIENTE
2465,1777,SUBSANADO
2466,8489,SUBSANADO
2467,1192,EVALUADO
2468,925,SUBSANADO
2469,1283,EVALUADO
2470,1541,PENDIENTE
2471,271,APROBADO
2472,7970,EVALUADO
2473,8409,EVALUADO
2474,5299,VENCIDO
2475,2189,APROBADO
2476,5787,PENDIENTE
2477,2303,DESESTIMADO
2478,4669,PENDIENTE
2479,9567,SUBSANADO
2480,6421,EVALUADO
2481,9369,DESESTIMADO
2482,112,APROBADO
2483,8758,APROBADO
2484,1811,SUBSANADO
2485,2982,VENCIDO
2486,6983,VENCIDO
2487,6355,PENDIENTE
2488,3799,PENDIENTE
2489,6848,SUBSANADO
2490,2232,EVALUADO
2491,7815,APROBADO
2492,9896,DESESTIMADO
2493,7948,EVALUADO
2494,9687,SUBSANADO
2495,1997,VENCIDO
2496,6136,SUBSANADO
2497,3118,DESESTIMADO
2498,2297,EVALUADO
2499,8135,VENCIDO
2500,4164,PENDIENTE
2501,9525,DESESTIMADO
2502,5969,DESESTIMADO
2503,919,SUBSANADO
2504,7408,VENCIDO
2505,2023,EVALUADO
2506,1989,SUBSANADO
2507,459,APROBADO
2508,8557,APROBADO
2509,5721,EVALUADO
2510,3840,APROBADO
2511,4686,VENCIDO
2512,7397,VENCIDO
2513,731,VENCIDO
2514,464,VENCIDO
2515,7562,DESESTIMADO
2516,3339,EVALUADO
2517,6644,SUBSANADO
2518,4728,VENCIDO
2519,2345,DESESTIMADO
2520,8791,SUBSANADO
2521,3008,VENCIDO
2522,1112,DESESTIMADO
2523,9232,EVALUADO
2524,255,APROBADO
2525,5241,APROBADO
2526,2304,PENDIENTE
2527,6551,APROBADO
2528,3279,SUBSANADO
2529,4608,DESESTIMADO
2530,1365,APROBADO
2531,1292,APROBADO
2532,39,EVALUADO
2533,953,SUBSANADO
2534,4497,PENDIENTE
2535,8123,VENCIDO
2536,4506,EVALUADO
2537,1262,EVALUADO
2538,8743,VENCIDO
2539,9050,VENCIDO
2540,5570,VENCIDO
2541,8564,DESESTIMADO
2542,4591,PENDIENTE
2543,5695,DESESTIMADO
2544,8835,SUBSANADO
2545,314,VENCIDO
2546,7205,APROBADO
2547,476,PENDIENTE
2548,8838,APROBADO
2549,9770,SUBSANADO
2550,3276,SUBSANADO
2551,8036,EVALUADO
2552,6861,VENCIDO
2553,9320,DESESTIMADO
2554,9485,DESESTIMADO
2555,4679,APROBADO
2556,1259,EVALUADO
2557,5246,VENCIDO
2558,9643,APROBADO
2559,938,SUBSANADO
2560,7868,APROBADO
2561,5135,SUBSANADO
2562,7918,VENCIDO
2563,8446,PENDIENTE
2564,5066,PENDIENTE
2565,7679,APROBADO
2566,8480,DESESTIMADO
2567,8240,SUBSANADO
2568,4913,SUBSANADO
2569,2312,SUBSANADO
2570,3421,PENDIENTE
2571,4653,VENCIDO
2572,9028,PENDIENTE
2573,478,PENDIENTE
2574,9090,EVALUADO
2575,6568,DESESTIMADO
2576,576,DESESTIMADO
2577,6200,EVALUADO
2578,198,PENDIENTE
2579,2656,APROBADO
2580,2753,APROBADO
2581,6865,VENCIDO
2582,5479,EVALUADO
2583,7467,APROBADO
2584,3997,APROBADO
2585,8879,EVALUADO
2586,4026,SUBSANADO
2587,8190,APROBADO
2588,9501,APROBADO
2589,3030,APROBADO
2590,6138,APROBADO
2591,9499,APROBADO
2592,1951,VENCIDO
2593,9931,SUBSANADO
2594,3678,VENCIDO
2595,1270,DESESTIMADO
2596,262,EVALUADO
2597,8417,VENCIDO
2598,6040,VENCIDO
2599,4480,DESESTIMADO
2600,7010,PENDIENTE
2601,4899,SUBSANADO
2602,395,APROBADO
2603,4882,VENCIDO
2604,8950,VENCIDO
2605,4602,APROBADO
2606,6077,VENCIDO
2607,8010,SUBSANADO
2608,9158,SUBSANADO
2609,9688,VENCIDO
2610,8542,APROBADO
2611,4679,PENDIENTE
2612,7635,PENDIENTE
2613,2971,APROBADO
2614,3012,DESESTIMADO
2615,6014,SUBSANADO
2616,5666,PENDIENTE
2617,5603,APROBADO
2618,4080,VENCIDO
2619,8089,VENCIDO
2620,7177,SUBSANADO
2621,6502,EVALUADO
2622,1759,DESESTIMADO
2623,877,APROBADO
2624,5129,DESESTIMADO
2625,7391,DESESTIMADO
2626,7156,PENDIENTE
2627,9799,EVALUADO
2628,4178,VENCIDO
2629,354,PENDIENTE
2630,6007,PENDIENTE
2631,604,EVALUADO
2632,1221,EVALUADO
2633,2985,PENDIENTE
2634,7649,DESESTIMADO
2635,615,PENDIENTE
2636,2422,APROBADO
2637,4088,DESESTIMADO
2638,1369,VENCIDO
2639,2788,PENDIENTE
2640,8085,SUBSANADO
2641,845,DESESTIMADO
2642,6702,APROBADO
2643,4459,SUBSANADO
2644,3656,SUBSANADO
2645,2093,SUBSANADO
2646,7900,EVALUADO
2647,9003,APROBADO
2648,5338,DESESTIMADO
2649,8740,EVALUADO
2650,6109,EVALUADO
2651,9599,SUBSANADO
2652,4353,SUBSANADO
2653,365,SUBSANADO
2654,6255,VENCIDO
2655,4431,EVALUADO
2656,3188,VENCIDO
2657,249,APROBADO
2658,3553,DESESTIMADO
2659,8370,EVALUADO
2660,4706,PENDIENTE
2661,2577,APROBADO
2662,5620,VENCIDO
2663,4523,APROBADO
2664,9767,EVALUADO
2665,4824,EVALUADO
2666,6962,APROBADO
2667,1065,EVALUADO
2668,62,VENCIDO
2669,9981,SUBSANADO
2670,3250,APROBADO
2671,6741,EVALUADO
2672,324,VENCIDO
2673,7297,SUBSANADO
2674,8392,APROBADO
2675,9950,EVALUADO
2676,371,VENCIDO
2677,6615,PENDIENTE
2678,4809,VENCIDO
2679,5212,APROBADO
2680,569,APROBADO
2681,6689,VENCIDO
2682,1392,DESESTIMADO
2683,1220,VENCIDO
2684,7256,APROBADO
2685,1233,VENCIDO
2686,5862,SUBSANADO
2687,4890,DESESTIMADO
2688,3216,DESESTIMADO
2689,9476,SUBSANADO
2690,2761,DESESTIMADO
2691,6862,VENCIDO
2692,9414,PENDIENTE
2693,4976,DESESTIMADO
2694,4699,SUBSANADO
2695,4719,DESESTIMADO
2696,4855,APROBADO
2697,1503,APROBADO
2698,1579,SUBSANADO
2699,5398,VENCIDO
2700,384,EVALUADO
2701,1375,DESESTIMADO
2702,2616,APROBADO
2703,1327,SUBSANADO
2704,4377,DESESTIMADO
2705,323,APROBADO
2706,5938,APROBADO
2707,9767,DESESTIMADO
2708,7875,VENCIDO
2709,7212,EVALUADO
2710,4290,APROBADO
2711,6088,DESESTIMADO
2712,4436,VENCIDO
2713,2466,EVALUADO
2714,2531,PENDIENTE
2715,936,PENDIENTE
2716,5862,EVALUADO
2717,1727,APROBADO
2718,336,DESESTIMADO
2719,1392,APROBADO
2720,9752,SUBSANADO
2721,9723,SUBSANADO
2722,1259,APROBADO
2723,8737,DESESTIMADO
2724,5131,VENCIDO
2725,9509,VENCIDO
2726,446,EVALUADO
2727,5813,DESESTIMADO
2728,1324,DESESTIMADO
2729,20,DESESTIMADO
2730,1942,EVALUADO
2731,5343,VENCIDO
2732,8153,DESESTIMADO
2733,7047,SUBSANADO
2734,9349,PENDIENTE
2735,1346,SUBSANADO
2736,3065,DESESTIMADO
2737,3847,EVALUADO
2738,6708,SUBSANADO
2739,1441,DESESTIMADO
2740,374,APROBADO
2741,443,PENDIENTE
2742,5242,VENCIDO
2743,121,EVALUADO
2744,2325,APROBADO
2745,1369,APROBADO
2746,7648,PENDIENTE
2747,9931,APROBADO
2748,7908,DESESTIMADO
2749,1989,VENCIDO
2750,6064,APROBADO
2751,454,DESESTIMADO
2752,9814,APROBADO
2753,9173,SUBSANADO
2754,4603,VENCIDO
2755,9250,PENDIENTE
2756,7206,DESESTIMADO
2757,6116,EVALUADO
2758,2787,VENCIDO
2759,4201,EVALUADO
2760,5138,VENCIDO
2761,6620,SUBSANADO
2762,9438,APROBADO
2763,408,PENDIENTE
2764,4203,DESESTIMADO
2765,5591,SUBSANADO
2766,1338,PENDIENTE
2767,846,DESESTIMADO
2768,3498,VENCIDO
2769,4509,PENDIENTE
2770,8831,VENCIDO
2771,8249,SUBSANADO
2772,5483,VENCIDO
2773,6698,APROBADO
2774,9848,SUBSANADO
2775,6158,SUBSANADO
2776,6703,APROBADO
2777,8414,DESESTIMADO
2778,6887,DESESTIMADO
2779,4491,APROBADO
2780,7086,SUBSANADO
2781,1809,PENDIENTE
2782,1190,VENCIDO
2783,1898,DESESTIMADO
2784,3577,APROBADO
2785,3448,PENDIENTE
2786,9448,APROBADO
2787,3735,APROBADO
2788,4756,PENDIENTE
2789,1577,SUBSANADO
2790,6223,PENDIENTE
2791,4281,VENCIDO
2792,936,DESESTIMADO
2793,8576,PENDIENTE
2794,2306,PENDIENTE
2795,8141,EVALUADO
2796,1425,SUBSANADO
2797,954,DESESTIMADO
2798,6531,EVALUADO
2799,8130,SUBSANADO
2800,2716,DESESTIMADO
2801,9753,APROBADO
2802,4970,SUBSANADO
2803,2521,VENCIDO
2804,6688,DESESTIMADO
2805,880,DESESTIMADO
2806,8402,DESESTIMADO
2807,4559,PENDIENTE
2808,5321,EVALUADO
2809,9962,EVALUADO
2810,1824,DESESTIMADO
2811,5011,SUBSANADO
2812,4556,EVALUADO
2813,5318,VENCIDO
2814,725,SUBSANADO
2815,8803,DESESTIMADO
2816,8848,VENCIDO
2817,8739,SUBSANADO
2818,4172,DESESTIMADO
2819,6078,DESESTIMADO
2820,5267,PENDIENTE
2821,7478,SUBSANADO
2822,4824,PENDIENTE
2823,5104,SUBSANADO
2824,1139,DESESTIMADO
2825,8311,SUBSANADO
2826,5510,VENCIDO
2827,52,SUBSANADO
2828,7272,VENCIDO
2829,9395,VENCIDO
2830,2278,APROBADO
2831,6023,PENDIENTE
2832,5302,PENDIENTE
2833,9919,PENDIENTE
2834,8844,PENDIENTE
2835,7305,VENCIDO
2836,1508,VENCIDO
2837,2566,EVALUADO
2838,7474,EVALUADO
2839,1975,DESESTIMADO
2840,2869,VENCIDO
2841,3863,SUBSANADO
2842,8517,PENDIENTE
2843,1495,DESESTIMADO
2844,4993,EVALUADO
2845,9044,EVALUADO
2846,2952,PENDIENTE
2847,6809,SUBSANADO
2848,4862,VENCIDO
2849,3898,APROBADO
2850,1574,EVALUADO
2851,9861,APROBADO
2852,8659,APROBADO
2853,3787,EVALUADO
2854,6327,PENDIENTE
2855,2451,SUBSANADO
2856,498,VENCIDO
2857,480,EVALUADO
2858,6481,PENDIENTE
2859,301,PENDIENTE
2860,2434,SUBSANADO
2861,5569,PENDIENTE
2862,320,EVALUADO
2863,366,EVALUADO
2864,7605,APROBADO
2865,3014,VENCIDO
2866,3048,APROBADO
2867,5970,SUBSANADO
2868,7469,VENCIDO
2869,1249,VENCIDO
2870,1165,APROBADO
2871,3245,APROBADO
2872,1726,VENCIDO
2873,8190,DESESTIMADO
2874,6133,PENDIENTE
2875,7082,EVALUADO
2876,6762,DESESTIMADO
2877,5323,EVALUADO
2878,4231,PENDIENTE
2879,3009,APROBADO
2880,5467,SUBSANADO
2881,1159,EVALUADO
2882,7704,EVALUADO
2883,8221,SUBSANADO
2884,9764,APROBADO
2885,2153,VENCIDO
2886,298,APROBADO
2887,4888,PENDIENTE
2888,6490,SUBSANADO
2889,1458,APROBADO
2890,5456,APROBADO
2891,1286,DESESTIMADO
2892,6938,SUBSANADO
2893,9407,SUBSANADO
2894,5835,DESESTIMADO
2895,7400,APROBADO
2896,6940,SUBSANADO
2897,5744,DESESTIMADO
2898,7224,VENCIDO
2899,9495,EVALUADO
2900,1247,EVALUADO
2901,6198,PENDIENTE
2902,7180,EVALUADO
2903,5084,APROBADO
2904,5135,VENCIDO
2905,6601,SUBSANADO
2906,5561,VENCIDO
2907,7032,EVALUADO
2908,3190,VENCIDO
2909,2071,DESESTIMADO
2910,6135,VENCIDO
2911,7059,SUBSANADO
2912,4921,SUBSANADO
2913,9001,SUBSANADO
2914,884,PENDIENTE
2915,3834,EVALUADO
2916,5812,PENDIENTE
2917,2884,EVALUADO
2918,7562,EVALUADO
2919,2358,EVALUADO
2920,6346,PENDIENTE
2921,3496,VENCIDO
2922,4488,EVALUADO
2923,7637,EVALUADO
2924,2243,PENDIENTE
2925,2255,PENDIENTE
2926,5260,PENDIENTE
2927,3691,SUBSANADO
2928,2721,VENCIDO
2929,7968,VENCIDO
2930,3922,PENDIENTE
2931,9935,DESESTIMADO
2932,8465,DESESTIMADO
2933,3337,SUBSANADO
2934,9797,APROBADO
2935,2406,PENDIENTE
2936,6670,APROBADO
2937,9655,PENDIENTE
2938,9575,EVALUADO
2939,2319,PENDIENTE
2940,5609,APROBADO
2941,2737,DESESTIMADO
2942,5285,APROBADO
2943,4898,PENDIENTE
2944,4561,PENDIENTE
2945,4372,APROBADO
2946,1056,PENDIENTE
2947,8252,VENCIDO
2948,3079,VENCIDO
2949,8966,EVALUADO
2950,1625,APROBADO
2951,6007,PENDIENTE
2952,46,SUBSANADO
2953,9766,VENCIDO
2954,9170,PENDIENTE
2955,2481,SUBSANADO
2956,1333,DESESTIMADO
2957,4224,DESESTIMADO
2958,9155,APROBADO
2959,2180,APROBADO
2960,5851,EVALUADO
2961,2865,VENCIDO
2962,3068,PENDIENTE
2963,2694,VENCIDO
2964,1246,VENCIDO
2965,4499,SUBSANADO
2966,6126,EVALUADO
2967,5240,APROBADO
2968,2983,DESESTIMADO
2969,6401,SUBSANADO
2970,3926,EVALUADO
2971,9064,SUBSANADO
2972,5437,SUBSANADO
2973,5061,PENDIENTE
2974,90,SUBSANADO
2975,9113,VENCIDO
2976,8900,PENDIENTE
2977,4135,SUBSANADO
2978,1798,SUBSANADO
2979,5582,APROBADO
2980,3966,VENCIDO
2981,6604,PENDIENTE
2982,2837,PENDIENTE
2983,2669,PENDIENTE
2984,8031,EVALUADO
2985,555,VENCIDO
2986,3270,VENCIDO
2987,7706,EVALUADO
2988,3751,APROBADO
2989,3483,EVALUADO
2990,3305,DESESTIMADO
2991,7001,APROBADO
2992,7079,DESESTIMADO
2993,606,PENDIENTE
2994,3229,DESESTIMADO
2995,5249,DESESTIMADO
2996,2597,DESESTIMADO
2997,3409,SUBSANADO
2998,8638,SUBSANADO
2999,1221,VENCIDO
3000,5345,SUBSANADO
3001,325,SUBSANADO
3002,1177,APROBADO
3003,6084,SUBSANADO
3004,2948,APROBADO
3005,2187,PENDIENTE
3006,7266,SUBSANADO
3007,8520,EVALUADO
3008,2305,PENDIENTE
3009,2670,DESESTIMADO
3010,3579,SUBSANADO
3011,766,PENDIENTE
3012,5444,VENCIDO
3013,5008,PENDIENTE
3014,224,SUBSANADO
3015,3314,VENCIDO
3016,2580,VENCIDO
3017,8468,SUBSANADO
3018,2206,SUBSANADO
3019,2086,EVALUADO
3020,4769,SUBSANADO
3021,7175,SUBSANADO
3022,4867,DESESTIMADO
3023,7696,EVALUADO
3024,2036,PENDIENTE
3025,406,VENCIDO
3026,3526,SUBSANADO
3027,8527,DESESTIMADO
3028,1554,EVALUADO
3029,1100,APROBADO
3030,4485,PENDIENTE
3031,6088,DESESTIMADO
3032,572,PENDIENTE
3033,6397,PENDIENTE
3034,6695,EVALUADO
3035,8330,PENDIENTE
3036,9463,PENDIENTE
3037,1596,DESESTIMADO
3038,5880,DESESTIMADO
3039,8607,APROBADO
3040,2658,PENDIENTE
3041,4694,VENCIDO
3042,7852,PENDIENTE
3043,3513,VENCIDO
3044,4500,VENCIDO
3045,7700,SUBSANADO
3046,5060,SUBSANADO
3047,4139,APROBADO
3048,6530,SUBSANADO
3049,5601,DESESTIMADO
3050,5987,DESESTIMADO
3051,5570,DESESTIMADO
3052,8119,SUBSANADO
3053,725,VENCIDO
3054,1583,PENDIENTE
3055,6435,SUBSANADO
3056,1890,SUBSANADO
3057,7752,APROBADO
3058,5743,APROBADO
3059,5257,PENDIENTE
3060,4153,PENDIENTE
3061,2114,SUBSANADO
3062,7741,SUBSANADO
3063,5667,PENDIENTE
3064,6989,VENCIDO
3065,572,VENCIDO
3066,5916,PENDIENTE
3067,2677,PENDIENTE
3068,3292,VENCIDO
3069,5910,APROBADO
3070,215,PENDIENTE
3071,1454,SUBSANADO
3072,22,DESESTIMADO
3073,6075,DESESTIMADO
3074,882,APROBADO
3075,6189,VENCIDO
3076,3120,DESESTIMADO
3077,5565,EVALUADO
3078,9831,EVALUADO
3079,2684,DESESTIMADO
3080,5855,APROBADO
3081,9331,SUBSANADO
3082,402,SUBSANADO
3083,6806,DESESTIMADO
3084,9379,EVALUADO
3085,1321,VENCIDO
3086,5642,APROBADO
3087,916,SUBSANADO
3088,4909,DESESTIMADO
3089,860,EVALUADO
3090,2332,DESESTIMADO
3091,3823,EVALUADO
3092,8100,SUBSANADO
3093,2919,DESESTIMADO
3094,7588,VENCIDO
3095,8714,DESESTIMADO
3096,7589,SUBSANADO
3097,9454,PENDIENTE
3098,3557,SUBSANADO
3099,298,DESESTIMADO
3100,5210,VENCIDO
3101,2464,APROBADO
3102,7659,DESESTIMADO
3103,8372,VENCIDO
3104,1708,VENCIDO
3105,801,DESESTIMADO
3106,3839,PENDIENTE
3107,2983,APROBADO
3108,1574,PENDIENTE
3109,6204,APROBADO
3110,5930,DESESTIMADO
3111,6441,DESESTIMADO
3112,8147,PENDIENTE
3113,4397,SUBSANADO
3114,7711,VENCIDO
3115,2952,PENDIENTE
3116,3409,VENCIDO
3117,9592,EVALUADO
3118,9566,VENCIDO
3119,85,APROBADO
3120,8109,DESESTIMADO
3121,7158,VENCIDO
3122,9606,DESESTIMADO
3123,1084,APROBADO
3124,3422,APROBADO
3125,21,DESESTIMADO
3126,4689,DESESTIMADO
3127,1089,DESESTIMADO
3128,6594,SUBSANADO
3129,6349,EVALUADO
3130,6054,EVALUADO
3131,7712,SUBSANADO
3132,3708,EVALUADO
3133,900,SUBSANADO
3134,9052,SUBSANADO
3135,7833,VENCIDO
3136,9102,PENDIENTE
3137,5689,SUBSANADO
3138,8373,DESESTIMADO
3139,8431,VENCIDO
3140,6574,PENDIENTE
3141,4034,SUBSANADO
3142,5740,APROBADO
3143,2767,APROBADO
3144,1236,SUBSANADO
3145,522,PENDIENTE
3146,336,DESESTIMADO
3147,7267,EVALUADO
3148,3359,VENCIDO
3149,4045,DESESTIMADO
3150,9630,APROBADO
3151,7310,PENDIENTE
3152,6218,APROBADO
3153,6147,SUBSANADO
3154,48,PENDIENTE
3155,4686,APROBADO
3156,529,APROBADO
3157,1985,EVALUADO
3158,4193,APROBADO
3159,4118,PENDIENTE
3160,3205,SUBSANADO
3161,3778,EVALUADO
3162,1436,SUBSANADO
3163,2334,PENDIENTE
3164,5125,PENDIENTE
3165,8604,DESESTIMADO
3166,2761,SUBSANADO
3167,2887,EVALUADO
3168,1916,EVALUADO
3169,5971,DESESTIMADO
3170,6856,DESESTIMADO
3171,1136,SUBSANADO
3172,3731,EVALUADO
3173,625,SUBSANADO
3174,4020,VENCIDO
3175,8423,APROBADO
3176,152,VENCIDO
3177,3143,VENCIDO
3178,6981,EVALUADO
3179,2379,APROBADO
3180,3774,APROBADO
3181,6101,PENDIENTE
3182,1426,PENDIENTE
3183,8098,SUBSANADO
3184,9231,APROBADO
3185,6988,EVALUADO
3186,5842,VENCIDO
3187,9212,DESESTIMADO
3188,9102,DESESTIMADO
3189,3866,DESESTIMADO
3190,5699,EVALUADO
3191,768,EVALUADO
3192,914,PENDIENTE
3193,7982,SUBSANADO
3194,7179,EVALUADO
3195,8888,EVALUADO
3196,8027,EVALUADO
3197,1750,APROBADO
3198,339,PENDIENTE
3199,1582,SUBSANADO
3200,5122,DESESTIMADO
3201,8595,DESESTIMADO
3202,8924,DESESTIMADO
3203,430,DESESTIMADO
3204,1007,SUBSANADO
3205,7493,SUBSANADO
3206,4469,VENCIDO
3207,2756,PENDIENTE
3208,9721,SUBSANADO
3209,1333,VENCIDO
3210,7638,SUBSANADO
3211,9686,SUBSANADO
3212,2924,VENCIDO
3213,2887,PENDIENTE
3214,3670,SUBSANADO
3215,6912,DESESTIMADO
3216,7706,VENCIDO
3217,3244,VENCIDO
3218,8572,VENCIDO
3219,887,DESESTIMADO
3220,6226,VENCIDO
3221,1155,APROBADO
3222,8834,APROBADO
3223,4792,EVALUADO
3224,5890,VENCIDO
3225,7802,VENCIDO
3226,8335,APROBADO
3227,1587,APROBADO
3228,3188,DESESTIMADO
3229,6651,VENCIDO
3230,7860,PENDIENTE
3231,8635,VENCIDO
3232,6500,APROBADO
3233,8735,APROBADO
3234,9477,DESESTIMADO
3235,3185,VENCIDO
3236,161,PENDIENTE
3237,9390,APROBADO
3238,8754,PENDIENTE
3239,656,PENDIENTE
3240,6322,APROBADO
3241,4469,VENCIDO
3242,6355,EVALUADO
3243,3885,VENCIDO
3244,1454,DESESTIMADO
3245,6913,VENCIDO
3246,3905,PENDIENTE
3247,3182,APROBADO
3248,5016,EVALUADO
3249,2785,VENCIDO
3250,7409,PENDIENTE
3251,3613,EVALUADO
3252,4365,VENCIDO
3253,9400,PENDIENTE
3254,2537,EVALUADO
3255,5796,PENDIENTE
3256,3072,EVALUADO
3257,4148,EVALUADO
3258,9411,DESESTIMADO
3259,8383,DESESTIMADO
3260,7120,EVALUADO
3261,2740,EVALUADO
3262,2219,EVALUADO
3263,1861,VENCIDO
3264,201,DESESTIMADO
3265,2313,APROBADO
3266,8163,DESESTIMADO
3267,3845,PENDIENTE
3268,1541,VENCIDO
3269,2184,SUBSANADO
3270,613,APROBADO
3271,5425,DESESTIMADO
3272,8145,VENCIDO
3273,7898,SUBSANADO
3274,3719,PENDIENTE
3275,7318,SUBSANADO
3276,3108,PENDIENTE
3277,7117,EVALUADO
3278,6830,VENCIDO
3279,3682,EVALUADO
3280,171,SUBSANADO
3281,5937,PENDIENTE
3282,2800,DESESTIMADO
3283,6569,APROBADO
3284,4463,APROBADO
3285,5387,SUBSANADO
3286,9527,APROBADO
3287,1298,EVALUADO
3288,7667,SUBSANADO
3289,9992,VENCIDO
3290,8354,DESESTIMADO
3291,2848,DESESTIMADO
3292,6850,SUBSANADO
3293,7940,EVALUADO
3294,629,APROBADO
3295,814,SUBSANADO
3296,209,PENDIENTE
3297,9564,SUBSANADO
3298,9750,APROBADO
3299,917,APROBADO
3300,3385,PENDIENTE
3301,6200,EVALUADO
3302,512,EVALUADO
3303,2708,APROBADO
3304,796,APROBADO
3305,1243,PENDIENTE
3306,9588,APROBADO
3307,6272,DESESTIMADO
3308,8197,PENDIENTE
3309,708,SUBSANADO
3310,5268,VENCIDO
3311,839,VENCIDO
3312,7141,APROBADO
3313,7860,APROBADO
3314,6199,DESESTIMADO
3315,4161,SUBSANADO
3316,8254,SUBSANADO
3317,7644,APROBADO
3318,3909,DESESTIMADO
3319,5858,VENCIDO
3320,4735,SUBSANADO
3321,7362,PENDIENTE
3322,5971,VENCIDO
3323,8236,SUBSANADO
3324,2960,APROBADO
3325,3506,VENCIDO
3326,1799,APROBADO
3327,3130,EVALUADO
3328,7792,EVALUADO
3329,5112,PENDIENTE
3330,1986,APROBADO
3331,8160,SUBSANADO
3332,3356,VENCIDO
3333,7826,SUBSANADO
3334,4998,VENCIDO
3335,4540,DESESTIMADO
3336,6270,SUBSANADO
3337,7572,DESESTIMADO
3338,5089,DESESTIMADO
3339,4019,DESESTIMADO
3340,4509,PENDIENTE
3341,9292,VENCIDO
3342,3777,SUBSANADO
3343,8929,EVALUADO
3344,117,APROBADO
3345,2207,SUBSANADO
3346,2328,VENCIDO
3347,3827,PENDIENTE
3348,9847,DESESTIMADO
3349,499,EVALUADO
3350,562,PENDIENTE
3351,9142,PENDIENTE
3352,4224,DESESTIMADO
3353,1139,EVALUADO
3354,8733,SUBSANADO
3355,2151,VENCIDO
3356,4629,DESESTIMADO
3357,5960,EVALUADO
3358,5319,DESESTIMADO
3359,4093,PENDIENTE
3360,2595,PENDIENTE
3361,703,SUBSANADO
3362,7516,APROBADO
3363,7238,APROBADO
3364,9854,VENCIDO
3365,5371,APROBADO
3366,6223,DESESTIMADO
3367,6585,APROBADO
3368,4340,SUBSANADO
3369,9732,EVALUADO
3370,4200,VENCIDO
3371,3784,VENCIDO
3372,599,DESESTIMADO
3373,843,PENDIENTE
3374,7694,EVALUADO
3375,2584,APROBADO
3376,6227,SUBSANADO
3377,2243,EVALUADO
3378,5085,EVALUADO
3379,1817,APROBADO
3380,4983,PENDIENTE
3381,273,DESESTIMADO
3382,5103,VENCIDO
3383,5915,SUBSANADO
3384,6185,VENCIDO
3385,5991,DESESTIMADO
3386,2830,SUBSANADO
3387,7691,PENDIENTE
3388,6284,SUBSANADO
3389,7698,DESESTIMADO
3390,2185,PENDIENTE
3391,3439,PENDIENTE
3392,4003,VENCIDO
3393,2183,DESESTIMADO
3394,9899,APROBADO
3395,1231,VENCIDO
3396,6841,SUBSANADO
3397,448,APROBADO
3398,334,EVALUADO
3399,8563,SUBSANADO
3400,150,PENDIENTE
3401,8287,PENDIENTE
3402,5533,DESESTIMADO
3403,1024,SUBSANADO
3404,565,DESESTIMADO
3405,4060,SUBSANADO
3406,2418,EVALUADO
3407,762,DESESTIMADO
3408,9854,DESESTIMADO
3409,8401,VENCIDO
3410,1296,SUBSANADO
3411,6429,SUBSANADO
3412,8229,VENCIDO
3413,761,DESESTIMADO
3414,9973,DESESTIMADO
3415,377,APROBADO
3416,6514,VENCIDO
3417,1601,PENDIENTE
3418,8598,DESESTIMADO
3419,7381,VENCIDO
3420,8509,EVALUADO
3421,7144,DESESTIMADO
3422,6,APROBADO
3423,3474,APROBADO
3424,2153,EVALUADO
3425,4397,PENDIENTE
3426,968,APROBADO
3427,2470,DESESTIMADO
3428,2124,DESESTIMADO
3429,9128,PENDIENTE
3430,2818,PENDIENTE
3431,7630,PENDIENTE
3432,5121,EVALUADO
3433,1516,VENCIDO
3434,8169,DESESTIMADO
3435,3114,PENDIENTE
3436,5284,VENCIDO
3437,4997,DESESTIMADO
3438,1635,VENCIDO
3439,7094,VENCIDO
3440,5370,SUBSANADO
3441,8425,DESESTIMADO
3442,1791,PENDIENTE
3443,7247,VENCIDO
3444,5103,APROBADO
3445,2830,SUBSANADO
3446,4,EVALUADO
3447,7408,APROBADO
3448,5255,VENCIDO
3449,6470,PENDIENTE
3450,2682,VENCIDO
3451,9993,APROBADO
3452,7022,EVALUADO
3453,6708,VENCIDO
3454,9819,DESESTIMADO
3455,3772,PENDIENTE
3456,8225,VENCIDO
3457,2118,VENCIDO
3458,4207,SUBSANADO
3459,366,SUBSANADO
3460,1764,DESESTIMADO
3461,1103,APROBADO
3462,6955,SUBSANADO
3463,7961,EVALUADO
3464,2123,EVALUADO
3465,2872,PENDIENTE
3466,1192,SUBSANADO
3467,7823,SUBSANADO
3468,1552,APROBADO
3469,762,VENCIDO
3470,6135,SUBSANADO
3471,7825,SUBSANADO
3472,7900,DESESTIMADO
3473,6742,PENDIENTE
3474,2458,DESESTIMADO
3475,743,VENCIDO
3476,1816,PENDIENTE
3477,5808,PENDIENTE
3478,4449,PENDIENTE
3479,8089,VENCIDO
3480,7680,APROBADO
3481,7462,EVALUADO
3482,8282,EVALUADO
3483,3897,APROBADO
3484,5757,EVALUADO
3485,3571,DESESTIMADO
3486,8666,VENCIDO
3487,3812,DESESTIMADO
3488,5723,SUBSANADO
3489,5728,DESESTIMADO
3490,340,DESESTIMADO
3491,9024,EVALUADO
3492,169,EVALUADO
3493,6936,SUBSANADO
3494,9954,DESESTIMADO
3495,6686,APROBADO
3496,654,VENCIDO
3497,1451,DESESTIMADO
3498,2997,PENDIENTE
3499,6364,PENDIENTE
3500,54,APROBADO
3501,6751,SUBSANADO
3502,2443,VENCIDO
3503,3599,SUBSANADO
3504,7716,APROBADO
3505,3487,APROBADO
3506,7971,EVALUADO
3507,2729,EVALUADO
3508,1719,EVALUADO
3509,7423,SUBSANADO
3510,9410,EVALUADO
3511,4117,PENDIENTE
3512,534,VENCIDO
3513,2156,APROBADO
3514,7743,EVALUADO
3515,1852,SUBSANADO
3516,4148,EVALUADO
3517,6618,EVALUADO
3518,894,VENCIDO
3519,1405,EVALUADO
3520,9949,VENCIDO
3521,8346,VENCIDO
3522,7436,PENDIENTE
3523,4850,APROBADO
3524,3745,EVALUADO
3525,1564,APROBADO
3526,911,APROBADO
3527,1447,DESESTIMADO
3528,8011,EVALUADO
3529,9637,EVALUADO
3530,160,VENCIDO
3531,6731,SUBSANADO
3532,213,APROBADO
3533,5995,VENCIDO
3534,460,DESESTIMADO
3535,9108,PENDIENTE
3536,1145,EVALUADO
3537,8568,PENDIENTE
3538,5347,DESESTIMADO
3539,2857,APROBADO
3540,9260,EVALUADO
3541,9300,SUBSANADO
3542,2743,APROBADO
3543,3327,VENCIDO
3544,9367,PENDIENTE
3545,6233,APROBADO
3546,4329,SUBSANADO
3547,584,APROBADO
3548,3049,VENCIDO
3549,5032,APROBADO
3550,8890,APROBADO
3551,4038,DESESTIMADO
3552,2965,EVALUADO
3553,9359,VENCIDO
3554,574,EVALUADO
3555,1531,DESESTIMADO
3556,7332,PENDIENTE
3557,9255,DESESTIMADO
3558,5063,SUBSANADO
3559,7523,EVALUADO
3560,209,SUBSANADO
3561,253,PENDIENTE
3562,5167,EVALUADO
3563,2606,DESESTIMADO
3564,4211,SUBSANADO
3565,1497,PENDIENTE
3566,777,SUBSANADO
3567,4874,SUBSANADO
3568,1981,PENDIENTE
3569,4670,VENCIDO
3570,6433,DESESTIMADO
3571,8574,VENCIDO
3572,4699,SUBSANADO
3573,5137,APROBADO
3574,6513,SUBSANADO
3575,8151,VENCIDO
3576,6065,SUBSANADO
3577,2449,PENDIENTE
3578,876,EVALUADO
3579,4449,VENCIDO
3580,7748,VENCIDO
3581,5593,DESESTIMADO
3582,6297,PENDIENTE
3583,2648,VENCIDO
3584,5129,DESESTIMADO
3585,3640,SUBSANADO
3586,9278,PENDIENTE
3587,9425,PENDIENTE
3588,9836,EVALUADO
3589,7819,VENCIDO
3590,2316,VENCIDO
3591,6608,EVALUADO
3592,465,VENCIDO
3593,418,VENCIDO
3594,4756,DESESTIMADO
3595,519,VENCIDO
3596,4906,SUBSANADO
3597,8582,APROBADO
3598,6768,EVALUADO
3599,6183,EVALUADO
3600,6150,DESESTIMADO
3601,1236,EVALUADO
3602,9583,APROBADO
3603,5964,SUBSANADO
3604,234,VENCIDO
3605,1434,VENCIDO
3606,9249,PENDIENTE
3607,193,EVALUADO
3608,7727,APROBADO
3609,603,EVALUADO
3610,5276,EVALUADO
3611,3683,VENCIDO
3612,9544,SUBSANADO
3613,403,DESESTIMADO
3614,8145,VENCIDO
3615,6048,PENDIENTE
3616,8250,SUBSANADO
3617,9331,VENCIDO
3618,1529,DESESTIMADO
3619,6939,SUBSANADO
3620,3067,VENCIDO
3621,3826,EVALUADO
3622,1179,SUBSANADO
3623,4688,VENCIDO
3624,8632,EVALUADO
3625,1171,PENDIENTE
3626,9793,PENDIENTE
3627,2106,PENDIENTE
3628,7335,EVALUADO
3629,8497,VENCIDO
3630,6373,DESESTIMADO
3631,5799,EVALUADO
3632,7488,APROBADO
3633,6503,APROBADO
3634,4761,VENCIDO
3635,2439,VENCIDO
3636,3791,APROBADO
3637,4209,SUBSANADO
3638,9568,APROBADO
3639,8159,PENDIENTE
3640,1585,APROBADO
3641,7338,APROBADO
3642,1933,PENDIENTE
3643,5898,VENCIDO
3644,3202,DESESTIMADO
3645,97,PENDIENTE
3646,8962,APROBADO
3647,4409,SUBSANADO
3648,5968,APROBADO
3649,4662,EVALUADO
3650,3751,EVALUADO
3651,8196,VENCIDO
3652,6183,EVALUADO
3653,9902,EVALUADO
3654,1685,EVALUADO
3655,5797,DESESTIMADO
3656,3747,EVALUADO
3657,6473,EVALUADO
3658,6408,PENDIENTE
3659,5002,EVALUADO
3660,104,VENCIDO
3661,5338,DESESTIMADO
3662,720,DESESTIMADO
3663,6309,VENCIDO
3664,3669,VENCIDO
3665,7938,DESESTIMADO
3666,8960,DESESTIMADO
3667,2251,SUBSANADO
3668,2928,SUBSANADO
3669,6144,SUBSANADO
3670,1655,VENCIDO
3671,8960,EVALUADO
3672,2201,APROBADO
3673,9042,APROBADO
3674,2119,DESESTIMADO
3675,6069,SUBSANADO
3676,9230,SUBSANADO
3677,1792,VENCIDO
3678,8667,EVALUADO
3679,2271,PENDIENTE
3680,6451,DESESTIMADO
3681,5195,SUBSANADO
3682,3833,APROBADO
3683,2380,PENDIENTE
3684,6060,VENCIDO
3685,7149,EVALUADO
3686,4302,PENDIENTE
3687,206,APROBADO
3688,615,APROBADO
3689,8792,SUBSANADO
3690,4755,DESESTIMADO
3691,9122,EVALUADO
3692,9264,DESESTIMADO
3693,8227,PENDIENTE
3694,8193,VENCIDO
3695,9489,DESESTIMADO
3696,1695,SUBSANADO
3697,6493,SUBSANADO
3698,8163,PENDIENTE
3699,6150,EVALUADO
3700,9755,PENDIENTE
3701,4706,VENCIDO
3702,7055,EVALUADO
3703,3590,EVALUADO
3704,1707,PENDIENTE
3705,7293,PENDIENTE
3706,2731,PENDIENTE
3707,8439,SUBSANADO
3708,4017,APROBADO
3709,7441,DESESTIMADO
3710,3458,APROBADO
3711,2930,SUBSANADO
3712,76,APROBADO
3713,6584,DESESTIMADO
3714,5466,APROBADO
3715,810,APROBADO
3716,4536,SUBSANADO
3717,881,SUBSANADO
3718,1924,APROBADO
3719,6179,SUBSANADO
3720,2993,PENDIENTE
3721,7403,SUBSANADO
3722,5065,PENDIENTE
3723,3407,EVALUADO
3724,7218,VENCIDO
3725,107,APROBADO
3726,5354,VENCIDO
3727,7209,PENDIENTE
3728,9706,PENDIENTE
3729,2590,EVALUADO
3730,7555,SUBSANADO
3731,4149,APROBADO
3732,6727,VENCIDO
3733,2024,VENCIDO
3734,7286,EVALUADO
3735,5074,EVALUADO
3736,5540,VENCIDO
3737,4451,PENDIENTE
3738,156,VENCIDO
3739,2030,DESESTIMADO
3740,7927,APROBADO
3741,5728,DESESTIMADO
3742,5543,APROBADO
3743,1324,APROBADO
3744,8697,SUBSANADO
3745,1381,APROBADO
3746,6046,SUBSANADO
3747,8461,VENCIDO
3748,5921,DESESTIMADO
3749,6274,VENCIDO
3750,9040,SUBSANADO
3751,4126,DESESTIMADO
3752,4815,DESESTIMADO
3753,9960,VENCIDO
3754,691,PENDIENTE
3755,8272,PENDIENTE
3756,5568,VENCIDO
3757,3093,APROBADO
3758,1871,SUBSANADO
3759,707,SUBSANADO
3760,1528,APROBADO
3761,7065,EVALUADO
3762,3433,VENCIDO
3763,2179,SUBSANADO
3764,3291,SUBSANADO
3765,5329,SUBSANADO
3766,9619,PENDIENTE
3767,8878,DESESTIMADO
3768,1100,VENCIDO
3769,5217,DESESTIMADO
3770,5895,APROBADO
3771,1611,SUBSANADO
3772,6164,SUBSANADO
3773,1792,EVALUADO
3774,9641,DESESTIMADO
3775,9774,PENDIENTE
3776,1236,EVALUADO
3777,9965,APROBADO
3778,750,PENDIENTE
3779,6398,PENDIENTE
3780,4993,VENCIDO
3781,9992,EVALUADO
3782,5891,EVALUADO
3783,843,PENDIENTE
3784,3863,VENCIDO
3785,9131,DESESTIMADO
3786,4644,DESESTIMADO
3787,6385,PENDIENTE
3788,323,APROBADO
3789,5874,SUBSANADO
3790,9528,APROBADO
3791,302,SUBSANADO
3792,989,EVALUADO
3793,7771,APROBADO
3794,8841,APROBADO
3795,5848,VENCIDO
3796,3198,VENCIDO
3797,4587,PENDIENTE
3798,4762,VENCIDO
3799,9320,EVALUADO
3800,2035,PENDIENTE
3801,4919,VENCIDO
3802,2374,DESESTIMADO
3803,7348,PENDIENTE
3804,3907,APROBADO
3805,526,APROBADO
3806,2477,SUBSANADO
3807,7492,DESESTIMADO
3808,9497,APROBADO
3809,5932,VENCIDO
3810,9323,EVALUADO
3811,4125,APROBADO
3812,7730,EVALUADO
3813,1685,SUBSANADO
3814,1665,VENCIDO
3815,1340,PENDIENTE
3816,7796,APROBADO
3817,3069,APROBADO
3818,3702,APROBADO
3819,4213,DESESTIMADO
3820,6121,SUBSANADO
3821,821,APROBADO
3822,5238,VENCIDO
3823,2651,PENDIENTE
3824,1687,PENDIENTE
3825,4678,APROBADO
3826,9507,APROBADO
3827,7549,PENDIENTE
3828,6196,PENDIENTE
3829,4496,SUBSANADO
3830,8348,APROBADO
3831,5530,PENDIENTE
3832,725,APROBADO
3833,7548,EVALUADO
3834,4481,DESESTIMADO
3835,7119,PENDIENTE
3836,6000,SUBSANADO
3837,1517,EVALUADO
3838,6513,PENDIENTE
3839,2533,DESESTIMADO
3840,2076,EVALUADO
3841,6337,VENCIDO
3842,2101,APROBADO
3843,5060,PENDIENTE
3844,392,DESESTIMADO
3845,6673,SUBSANADO
3846,1068,APROBADO
3847,2016,SUBSANADO
3848,7267,EVALUADO
3849,5207,SUBSANADO
3850,4271,APROBADO
3851,2219,DESESTIMADO
3852,2568,EVALUADO
3853,6029,APROBADO
3854,7039,PENDIENTE
3855,1584,VENCIDO
3856,9334,APROBADO
3857,3677,VENCIDO
3858,5012,DESESTIMADO
3859,9243,PENDIENTE
3860,6911,PENDIENTE
3861,5769,DESESTIMADO
3862,142,VENCIDO
3863,8944,APROBADO
3864,2531,DESESTIMADO
3865,325,EVALUADO
3866,9961,APROBADO
3867,7557,SUBSANADO
3868,7723,DESESTIMADO
3869,6052,APROBADO
3870,7861,EVALUADO
3871,6918,APROBADO
3872,6235,APROBADO
3873,3425,EVALUADO
3874,725,PENDIENTE
3875,2900,EVALUADO
3876,5484,PENDIENTE
3877,2196,APROBADO
3878,7701,DESESTIMADO
3879,5730,SUBSANADO
3880,5584,PENDIENTE
3881,8820,EVALUADO
3882,2210,APROBADO
3883,8333,APROBADO
3884,6491,DESESTIMADO
3885,3900,SUBSANADO
3886,9295,APROBADO
3887,38,EVALUADO
3888,4453,SUBSANADO
3889,5213,SUBSANADO
3890,3516,DESESTIMADO
3891,454,APROBADO
3892,4251,SUBSANADO
3893,5706,EVALUADO
3894,4121,DESESTIMADO
3895,1111,EVALUADO
3896,1616,EVALUADO
3897,6609,DESESTIMADO
3898,1979,VENCIDO
3899,6967,PENDIENTE
3900,6012,EVALUADO
3901,5316,VENCIDO
3902,4270,EVALUADO
3903,5633,APROBADO
3904,5047,PENDIENTE
3905,1323,DESESTIMADO
3906,1909,SUBSANADO
3907,8760,SUBSANADO
3908,7819,EVALUADO
3909,1818,APROBADO
3910,197,PENDIENTE
3911,6456,EVALUADO
3912,3246,SUBSANADO
3913,6827,VENCIDO
3914,7480,VENCIDO
3915,5511,PENDIENTE
3916,9856,APROBADO
3917,3586,PENDIENTE
3918,8771,EVALUADO
3919,770,PENDIENTE
3920,737,EVALUADO
3921,6244,DESESTIMADO
3922,5962,VENCIDO
3923,9370,EVALUADO
3924,8279,APROBADO
3925,9838,PENDIENTE
3926,6433,VENCIDO
3927,4166,APROBADO
3928,686,SUBSANADO
3929,9477,PENDIENTE
3930,1457,VENCIDO
3931,2218,EVALUADO
3932,2755,DESESTIMADO
3933,8868,VENCIDO
3934,2926,VENCIDO
3935,2919,EVALUADO
3936,3271,DESESTIMADO
3937,1498,DESESTIMADO
3938,2603,PENDIENTE
3939,3797,PENDIENTE
3940,3716,EVALUADO
3941,6814,SUBSANADO
3942,8029,SUBSANADO
3943,4567,SUBSANADO
3944,1488,APROBADO
3945,7530,VENCIDO
3946,9488,APROBADO
3947,2555,APROBADO
3948,2461,VENCIDO
3949,8129,EVALUADO
3950,8291,PENDIENTE
3951,1588,DESESTIMADO
3952,1901,APROBADO
3953,6013,VENCIDO
3954,3445,DESESTIMADO
3955,209,PENDIENTE
3956,3214,VENCIDO
3957,9847,DESESTIMADO
3958,3165,EVALUADO
3959,4534,SUBSANADO
3960,8564,SUBSANADO
3961,5609,DESESTIMADO
3962,5260,VENCIDO
3963,2911,PENDIENTE
3964,1230,SUBSANADO
3965,2731,APROBADO
3966,1229,DESESTIMADO
3967,877,DESESTIMADO
3968,5772,SUBSANADO
3969,3974,APROBADO
3970,1824,APROBADO
3971,9085,VENCIDO
3972,9832,DESESTIMADO
3973,5605,PENDIENTE
3974,5787,PENDIENTE
3975,4777,SUBSANADO
3976,7156,DESESTIMADO
3977,3458,PENDIENTE
3978,8713,DESESTIMADO
3979,5359,PENDIENTE
3980,4886,PENDIENTE
3981,4068,SUBSANADO
3982,4611,EVALUADO
3983,9140,EVALUADO
3984,7101,PENDIENTE
3985,2149,VENCIDO
3986,3949,SUBSANADO
3987,7466,DESESTIMADO
3988,9101,EVALUADO
3989,4215,APROBADO
3990,3782,APROBADO
3991,9447,DESESTIMADO
3992,7087,VENCIDO
3993,2215,PENDIENTE
3994,269,PENDIENTE
3995,9146,SUBSANADO
3996,92,EVALUADO
3997,8229,EVALUADO
3998,5735,VENCIDO
3999,8194,APROBADO
4000,1573,APROBADO
4001,8442,EVALUADO
4002,6011,APROBADO
4003,5050,PENDIENTE
4004,3561,APROBADO
4005,4604,APROBADO
4006,2187,VENCIDO
4007,4120,VENCIDO
4008,3986,VENCIDO
4009,1845,PENDIENTE
4010,2898,APROBADO
4011,8968,VENCIDO
4012,5086,APROBADO
4013,863,SUBSANADO
4014,1325,SUBSANADO
4015,5587,VENCIDO
4016,6664,APROBADO
4017,8759,SUBSANADO
4018,3464,SUBSANADO
4019,2648,DESESTIMADO
4020,5639,SUBSANADO
4021,8070,EVALUADO
4022,302,APROBADO
4023,9430,EVALUADO
4024,2908,PENDIENTE
4025,1362,DESESTIMADO
4026,163,PENDIENTE
4027,5160,PENDIENTE
4028,1090,PENDIENTE
4029,9819,VENCIDO
4030,140,PENDIENTE
4031,5438,VENCIDO
4032,6087,SUBSANADO
4033,6375,EVALUADO
4034,7038,APROBADO
4035,5449,APROBADO
4036,9735,APROBADO
4037,6913,EVALUADO
4038,9743,APROBADO
4039,6166,VENCIDO
4040,3164,APROBADO
4041,5351,APROBADO
4042,399,SUBSANADO
4043,2084,APROBADO
4044,1045,SUBSANADO
4045,7217,PENDIENTE
4046,7796,APROBADO
4047,6176,SUBSANADO
4048,498,DESESTIMADO
4049,6284,EVALUADO
4050,8071,APROBADO
4051,1237,EVALUADO
4052,7278,APROBADO
4053,6741,APROBADO
4054,9382,PENDIENTE
4055,1502,SUBSANADO
4056,2497,PENDIENTE
4057,1,DESESTIMADO
4058,6183,EVALUADO
4059,4185,EVALUADO
4060,6957,DESESTIMADO
4061,6926,SUBSANADO
4062,7347,PENDIENTE
4063,3609,VENCIDO
4064,2470,APROBADO
4065,7748,DESESTIMADO
4066,3924,DESESTIMADO
4067,3456,VENCIDO
4068,3735,APROBADO
4069,4031,VENCIDO
4070,976,APROBADO
4071,3770,EVALUADO
4072,377,EVALUADO
4073,8438,EVALUADO
4074,3696,APROBADO
4075,9419,VENCIDO
4076,2783,APROBADO
4077,2673,DESESTIMADO
4078,6423,APROBADO
4079,9626,EVALUADO
4080,3921,APROBADO
4081,476,PENDIENTE
4082,4525,PENDIENTE
4083,1004,EVALUADO
4084,8391,VENCIDO
4085,999,SUBSANADO
4086,569,SUBSANADO
4087,420,VENCIDO
4088,2638,PENDIENTE
4089,4337,PENDIENTE
4090,5525,VENCIDO
4091,1145,EVALUADO
4092,8108,APROBADO
4093,4116,EVALUADO
4094,2579,PENDIENTE
4095,4105,APROBADO
4096,5082,DESESTIMADO
4097,6305,PENDIENTE
4098,6913,DESESTIMADO
4099,8605,APROBADO
4100,3192,APROBADO
4101,7241,SUBSANADO
4102,6753,VENCIDO
4103,4579,APROBADO
4104,3851,SUBSANADO
4105,1307,EVALUADO
4106,3797,VENCIDO
4107,775,PENDIENTE
4108,8991,APROBADO
4109,4724,APROBADO
4110,2518,EVALUADO
4111,7860,APROBADO
4112,3180,EVALUADO
4113,6826,DESESTIMADO
4114,7593,EVALUADO
4115,7834,EVALUADO
4116,4429,SUBSANADO
4117,7586,VENCIDO
4118,7137,SUBSANADO
4119,9820,EVALUADO
4120,9927,VENCIDO
4121,7894,DESESTIMADO
4122,1541,PENDIENTE
4123,5278,VENCIDO
4124,1860,DESESTIMADO
4125,1120,PENDIENTE
4126,3015,DESESTIMADO
4127,5187,SUBSANADO
4128,6691,EVALUADO
4129,2459,SUBSANADO
4130,9650,VENCIDO
4131,8148,EVALUADO
4132,2200,APROBADO
4133,419,APROBADO
4134,7975,PENDIENTE
4135,3521,VENCIDO
4136,5267,SUBSANADO
4137,3619,PENDIENTE
4138,4351,DESESTIMADO
4139,8216,VENCIDO
4140,8405,VENCIDO
4141,9164,APROBADO
4142,8594,SUBSANADO
4143,2302,VENCIDO
4144,340,VENCIDO
4145,339,APROBADO
4146,1221,EVALUADO
4147,6570,SUBSANADO
4148,7164,VENCIDO
4149,6545,APROBADO
4150,6551,VENCIDO
4151,6520,APROBADO
4152,5762,SUBSANADO
4153,8013,VENCIDO
4154,3714,APROBADO
4155,7649,SUBSANADO
4156,9396,VENCIDO
4157,8208,EVALUADO
4158,8374,APROBADO
4159,7208,DESESTIMADO
4160,1005,EVALUADO
4161,6682,EVALUADO
4162,9588,SUBSANADO
4163,9418,SUBSANADO
4164,8221,DESESTIMADO
4165,3796,DESESTIMADO
4166,3957,DESESTIMADO
4167,6589,EVALUADO
4168,6311,VENCIDO
4169,3853,SUBSANADO
4170,8114,PENDIENTE
4171,8478,EVALUADO
4172,6731,SUBSANADO
4173,3640,PENDIENTE
4174,5622,VENCIDO
4175,9638,EVALUADO
4176,8922,VENCIDO
4177,8371,DESESTIMADO
4178,3346,DESESTIMADO
4179,1365,DESESTIMADO
4180,881,APROBADO
4181,5853,DESESTIMADO
4182,317,EVALUADO
4183,5579,APROBADO
4184,1024,EVALUADO
4185,2965,SUBSANADO
4186,7439,APROBADO
4187,1575,DESESTIMADO
4188,5603,EVALUADO
4189,9708,DESESTIMADO
4190,1213,APROBADO
4191,1471,SUBSANADO
4192,1603,EVALUADO
4193,1491,SUBSANADO
4194,9035,EVALUADO
4195,6809,VENCIDO
4196,3660,SUBSANADO
4197,986,SUBSANADO
4198,5763,APROBADO
4199,2204,DESESTIMADO
4200,2737,PENDIENTE
4201,7320,VENCIDO
4202,9708,EVALUADO
4203,2282,APROBADO
4204,2273,SUBSANADO
4205,4032,APROBADO
4206,2061,DESESTIMADO
4207,868,VENCIDO
4208,59,EVALUADO
4209,3462,SUBSANADO
4210,1178,APROBADO
4211,6512,DESESTIMADO
4212,2971,PENDIENTE
4213,7195,VENCIDO
4214,3112,DESESTIMADO
4215,6572,DESESTIMADO
4216,9664,PENDIENTE
4217,5244,VENCIDO
4218,7583,VENCIDO
4219,3993,APROBADO
4220,2811,SUBSANADO
4221,670,SUBSANADO
4222,9565,APROBADO
4223,6761,EVALUADO
4224,4367,PENDIENTE
4225,3207,PENDIENTE
4226,7714,SUBSANADO
4227,1092,SUBSANADO
4228,1153,VENCIDO
4229,6106,SUBSANADO
4230,3991,PENDIENTE
4231,7375,VENCIDO
4232,6118,DESESTIMADO
4233,8556,APROBADO
4234,1051,APROBADO
4235,7453,VENCIDO
4236,1667,VENCIDO
4237,8242,EVALUADO
4238,8356,APROBADO
4239,6869,DESESTIMADO
4240,1272,APROBADO
4241,4687,EVALUADO
4242,9703,EVALUADO
4243,3836,SUBSANADO
4244,4925,PENDIENTE
4245,370,DESESTIMADO
4246,7998,SUBSANADO
4247,3909,SUBSANADO
4248,8754,PENDIENTE
4249,1253,APROBADO
4250,5403,VENCIDO
4251,8749,SUBSANADO
4252,4980,APROBADO
4253,8327,VENCIDO
4254,6264,EVALUADO
4255,1584,PENDIENTE
4256,1629,DESESTIMADO
4257,9148,EVALUADO
4258,4386,EVALUADO
4259,1189,DESESTIMADO
4260,9037,SUBSANADO
4261,3820,APROBADO
4262,7621,SUBSANADO
4263,1064,PENDIENTE
4264,1818,PENDIENTE
4265,5110,DESESTIMADO
4266,5837,SUBSANADO
4267,9229,PENDIENTE
4268,2370,SUBSANADO
4269,9297,EVALUADO
4270,2287,EVALUADO
4271,7222,PENDIENTE
4272,3679,DESESTIMADO
4273,1131,EVALUADO
4274,8745,EVALUADO
4275,1133,PENDIENTE
4276,706,EVALUADO
4277,9980,EVALUADO
4278,3433,EVALUADO
4279,9888,PENDIENTE
4280,4249,APROBADO
4281,3768,DESESTIMADO
4282,2207,VENCIDO
4283,5476,EVALUADO
4284,3201,DESESTIMADO
4285,7834,DESESTIMADO
4286,9248,VENCIDO
4287,5272,EVALUADO
4288,7436,PENDIENTE
4289,8887,EVALUADO
4290,7541,PENDIENTE
4291,6190,PENDIENTE
4292,6121,APROBADO
4293,3863,VENCIDO
4294,9960,VENCIDO
4295,9295,APROBADO
4296,6471,PENDIENTE
4297,7350,SUBSANADO
4298,3047,APROBADO
4299,5723,PENDIENTE
4300,9603,SUBSANADO
4301,5898,SUBSANADO
4302,4109,SUBSANADO
4303,7851,EVALUADO
4304,5940,EVALUADO
4305,4435,PENDIENTE
4306,8282,DESESTIMADO
4307,83,PENDIENTE
4308,583,DESESTIMADO
4309,1184,APROBADO
4310,5532,VENCIDO
4311,9159,DESESTIMADO
4312,7654,DESESTIMADO
4313,7753,APROBADO
4314,7587,DESESTIMADO
4315,4990,APROBADO
4316,8723,SUBSANADO
4317,8588,SUBSANADO
4318,4522,PENDIENTE
4319,2145,APROBADO
4320,6718,VENCIDO
4321,8149,SUBSANADO
4322,6588,APROBADO
4323,461,PENDIENTE
4324,339,APROBADO
4325,2298,SUBSANADO
4326,854,SUBSANADO
4327,4105,VENCIDO
4328,4239,DESESTIMADO
4329,4899,SUBSANADO
4330,6262,VENCIDO
4331,5555,PENDIENTE
4332,6859,APROBADO
4333,472,APROBADO
4334,388,EVALUADO
4335,6047,APROBADO
4336,5750,DESESTIMADO
4337,4287,APROBADO
4338,4201,VENCIDO
4339,4856,DESESTIMADO
4340,8939,DESESTIMADO
4341,5787,VENCIDO
4342,9692,DESESTIMADO
4343,2433,APROBADO
4344,1788,APROBADO
4345,4128,PENDIENTE
4346,3380,EVALUADO
4347,2233,APROBADO
4348,5086,APROBADO
4349,6843,SUBSANADO
4350,8613,APROBADO
4351,1738,VENCIDO
4352,7349,PENDIENTE
4353,1555,PENDIENTE
4354,7121,VENCIDO
4355,3693,EVALUADO
4356,1365,VENCIDO
4357,8850,APROBADO
4358,6155,PENDIENTE
4359,8293,SUBSANADO
4360,3847,APROBADO
4361,6068,EVALUADO
4362,4660,PENDIENTE
4363,9391,PENDIENTE
4364,5867,DESESTIMADO
4365,5317,VENCIDO
4366,5635,PENDIENTE
4367,183,VENCIDO
4368,5878,APROBADO
4369,1788,PENDIENTE
4370,3193,EVALUADO
4371,4330,SUBSANADO
4372,932,APROBADO
4373,8477,EVALUADO
4374,842,DESESTIMADO
4375,2943,DESESTIMADO
4376,7237,DESESTIMADO
4377,1576,PENDIENTE
4378,7910,SUBSANADO
4379,9951,PENDIENTE
4380,4768,PENDIENTE
4381,8544,SUBSANADO
4382,9577,VENCIDO
4383,7089,DESESTIMADO
4384,8372,PENDIENTE
4385,6854,DESESTIMADO
4386,3484,PENDIENTE
4387,8479,VENCIDO
4388,5999,SUBSANADO
4389,4317,PENDIENTE
4390,4328,APROBADO
4391,421,EVALUADO
4392,1815,SUBSANADO
4393,2912,VENCIDO
4394,3020,APROBADO
4395,5882,APROBADO
4396,9366,APROBADO
4397,6999,DESESTIMADO
4398,8225,PENDIENTE
4399,5329,APROBADO
4400,5883,SUBSANADO
4401,5509,DESESTIMADO
4402,8612,DESESTIMADO
4403,9772,APROBADO
4404,7163,DESESTIMADO
4405,6649,DESESTIMADO
4406,2547,PENDIENTE
4407,5896,PENDIENTE
4408,3363,APROBADO
4409,6165,APROBADO
4410,8839,PENDIENTE
4411,4843,EVALUADO
4412,4294,PENDIENTE
4413,6023,DESESTIMADO
4414,9134,SUBSANADO
4415,5379,EVALUADO
4416,6817,PENDIENTE
4417,3891,VENCIDO
4418,1943,EVALUADO
4419,7949,DESESTIMADO
4420,4100,EVALUADO
4421,4843,PENDIENTE
4422,1768,PENDIENTE
4423,1143,PENDIENTE
4424,2452,APROBADO
4425,8567,APROBADO
4426,1936,APROBADO
4427,9499,SUBSANADO
4428,8440,DESESTIMADO
4429,4251,APROBADO
4430,1452,VENCIDO
4431,6227,DESESTIMADO
4432,1711,EVALUADO
4433,1036,PENDIENTE
4434,9672,SUBSANADO
4435,242,VENCIDO
4436,5875,APROBADO
4437,9517,DESESTIMADO
4438,3225,VENCIDO
4439,8493,EVALUADO
4440,592,VENCIDO
4441,3642,DESESTIMADO
4442,1552,APROBADO
4443,5846,PENDIENTE
4444,3884,APROBADO
4445,1766,APROBADO
4446,3440,APROBADO
4447,1455,SUBSANADO
4448,1316,PENDIENTE
4449,2891,PENDIENTE
4450,8988,VENCIDO
4451,2547,APROBADO
4452,6814,DESESTIMADO
4453,826,VENCIDO
4454,7671,APROBADO
4455,6605,DESESTIMADO
4456,4332,PENDIENTE
4457,8842,VENCIDO
4458,3149,APROBADO
4459,4808,DESESTIMADO
4460,4209,DESESTIMADO
4461,9162,SUBSANADO
4462,1082,APROBADO
4463,4607,VENCIDO
4464,4703,VENCIDO
4465,7993,APROBADO
4466,9834,APROBADO
4467,8011,APROBADO
4468,3349,VENCIDO
4469,7024,PENDIENTE
4470,3562,PENDIENTE
4471,1657,PENDIENTE
4472,7101,PENDIENTE
4473,7812,PENDIENTE
4474,764,SUBSANADO
4475,687,DESESTIMADO
4476,1494,EVALUADO
4477,6080,EVALUADO
4478,3994,SUBSANADO
4479,9469,VENCIDO
4480,5127,VENCIDO
4481,4237,EVALUADO
4482,7439,EVALUADO
4483,3816,DESESTIMADO
4484,3638,DESESTIMADO
4485,7762,SUBSANADO
4486,7494,SUBSANADO
4487,9323,PENDIENTE
4488,3413,PENDIENTE
4489,7784,EVALUADO
4490,6066,SUBSANADO
4491,5269,APROBADO
4492,3556,PENDIENTE
4493,5137,VENCIDO
4494,6157,VENCIDO
4495,3383,VENCIDO
4496,4106,DESESTIMADO
4497,2016,APROBADO
4498,7970,DESESTIMADO
4499,8599,DESESTIMADO
4500,6169,VENCIDO
4501,1063,PENDIENTE
4502,3090,APROBADO
4503,8755,SUBSANADO
4504,9841,PENDIENTE
4505,7462,VENCIDO
4506,3546,SUBSANADO
4507,6640,PENDIENTE
4508,4588,APROBADO
4509,7271,DESESTIMADO
4510,521,VENCIDO
4511,5036,SUBSANADO
4512,6149,EVALUADO
4513,3833,APROBADO
4514,8134,PENDIENTE
4515,9571,SUBSANADO
4516,5156,VENCIDO
4517,272,DESESTIMADO
4518,8577,SUBSANADO
4519,3050,DESESTIMADO
4520,6358,PENDIENTE
4521,174,APROBADO
4522,4762,PENDIENTE
4523,2940,EVALUADO
4524,1272,SUBSANADO
4525,8799,VENCIDO
4526,9720,DESESTIMADO
4527,480,APROBADO
4528,8193,VENCIDO
4529,8096,EVALUADO
4530,9546,DESESTIMADO
4531,5133,PENDIENTE
4532,3971,APROBADO
4533,1143,VENCIDO
4534,5077,APROBADO
4535,2369,VENCIDO
4536,6699,DESESTIMADO
4537,2555,DESESTIMADO
4538,4854,PENDIENTE
4539,8288,SUBSANADO
4540,672,VENCIDO
4541,508,SUBSANADO
4542,7820,SUBSANADO
4543,6961,PENDIENTE
4544,7567,VENCIDO
4545,4825,VENCIDO
4546,3679,EVALUADO
4547,5229,EVALUADO
4548,4369,DESESTIMADO
4549,4995,DESESTIMADO
4550,3755,VENCIDO
4551,5033,DESESTIMADO
4552,6140,APROBADO
4553,5357,EVALUADO
4554,4143,SUBSANADO
4555,1950,VENCIDO
4556,3098,APROBADO
4557,7917,DESESTIMADO
4558,6533,SUBSANADO
4559,477,DESESTIMADO
4560,2814,EVALUADO
4561,9572,VENCIDO
4562,8022,PENDIENTE
4563,6645,DESESTIMADO
4564,3806,SUBSANADO
4565,6213,SUBSANADO
4566,6652,SUBSANADO
4567,3382,SUBSANADO
4568,1450,APROBADO
4569,9256,VENCIDO
4570,4247,PENDIENTE
4571,8820,PENDIENTE
4572,2187,APROBADO
4573,8847,EVALUADO
4574,9908,SUBSANADO
4575,2200,APROBADO
4576,8941,APROBADO
4577,2205,DESESTIMADO
4578,1594,EVALUADO
4579,3952,DESESTIMADO
4580,378,SUBSANADO
4581,4139,PENDIENTE
4582,6652,DESESTIMADO
4583,7309,DESESTIMADO
4584,9134,SUBSANADO
4585,9461,PENDIENTE
4586,1879,DESESTIMADO
4587,5905,EVALUADO
4588,4475,EVALUADO
4589,4614,EVALUADO
4590,746,SUBSANADO
4591,3936,EVALUADO
4592,3134,APROBADO
4593,6953,EVALUADO
4594,235,PENDIENTE
4595,5357,EVALUADO
4596,5637,PENDIENTE
4597,9100,APROBADO
4598,3116,APROBADO
4599,1296,DESESTIMADO
4600,4805,EVALUADO
4601,7672,PENDIENTE
4602,8672,DESESTIMADO
4603,8421,PENDIENTE
4604,9247,EVALUADO
4605,8205,EVALUADO
4606,7077,SUBSANADO
4607,6072,APROBADO
4608,505,PENDIENTE
4609,7365,DESESTIMADO
4610,1360,PENDIENTE
4611,2741,EVALUADO
4612,2431,EVALUADO
4613,8480,EVALUADO
4614,7084,VENCIDO
4615,9866,SUBSANADO
4616,1853,APROBADO
4617,3513,EVALUADO
4618,8736,SUBSANADO
4619,3192,VENCIDO
4620,1460,VENCIDO
4621,7551,VENCIDO
4622,1015,PENDIENTE
4623,1955,APROBADO
4624,1321,PENDIENTE
4625,322,VENCIDO
4626,9605,APROBADO
4627,925,APROBADO
4628,3468,DESESTIMADO
4629,8578,SUBSANADO
4630,5030,PENDIENTE
4631,9663,EVALUADO
4632,6851,PENDIENTE
4633,6424,DESESTIMADO
4634,486,EVALUADO
4635,2426,SUBSANADO
4636,3008,EVALUADO
4637,8991,VENCIDO
4638,4287,PENDIENTE
4639,925,APROBADO
4640,807,APROBADO
4641,8819,EVALUADO
4642,4364,APROBADO
4643,393,VENCIDO
4644,8779,PENDIENTE
4645,3001,EVALUADO
4646,4472,DESESTIMADO
4647,1529,APROBADO
4648,3041,APROBADO
4649,8777,SUBSANADO
4650,5980,APROBADO
4651,5160,EVALUADO
4652,9238,VENCIDO
4653,1568,DESESTIMADO
4654,2986,PENDIENTE
4655,7449,DESESTIMADO
4656,6942,APROBADO
4657,6578,PENDIENTE
4658,62,DESESTIMADO
4659,3403,PENDIENTE
4660,4380,SUBSANADO
4661,1294,APROBADO
4662,1949,APROBADO
4663,5306,APROBADO
4664,6879,EVALUADO
4665,9031,PENDIENTE
4666,9981,VENCIDO
4667,6901,DESESTIMADO
4668,8665,EVALUADO
4669,3868,EVALUADO
4670,2044,PENDIENTE
4671,6468,DESESTIMADO
4672,2586,PENDIENTE
4673,5558,VENCIDO
4674,8955,EVALUADO
4675,7200,APROBADO
4676,9758,DESESTIMADO
4677,7541,PENDIENTE
4678,6524,SUBSANADO
4679,9010,APROBADO
4680,3900,DESESTIMADO
4681,184,EVALUADO
4682,6947,PENDIENTE
4683,3928,SUBSANADO
4684,3852,APROBADO
4685,9070,PENDIENTE
4686,5417,EVALUADO
4687,8441,APROBADO
4688,7865,EVALUADO
4689,5513,DESESTIMADO
4690,2805,APROBADO
4691,3872,EVALUADO
4692,9880,EVALUADO
4693,3713,DESESTIMADO
4694,7507,APROBADO
4695,9130,PENDIENTE
4696,1483,SUBSANADO
4697,3102,APROBADO
4698,2990,APROBADO
4699,7942,DESESTIMADO
4700,3619,VENCIDO
4701,9321,DESESTIMADO
4702,7127,EVALUADO
4703,2304,DESESTIMADO
4704,9485,PENDIENTE
4705,9108,EVALUADO
4706,4452,SUBSANADO
4707,2066,DESESTIMADO
4708,5570,VENCIDO
4709,9881,DESESTIMADO
4710,675,PENDIENTE
4711,7051,PENDIENTE
4712,7818,APROBADO
4713,6076,PENDIENTE
4714,980,APROBADO
4715,6064,DESESTIMADO
4716,2105,SUBSANADO
4717,9022,SUBSANADO
4718,3877,APROBADO
4719,101,SUBSANADO
4720,7556,VENCIDO
4721,8927,APROBADO
4722,9460,APROBADO
4723,7335,SUBSANADO
4724,1151,DESESTIMADO
4725,7016,PENDIENTE
4726,3558,PENDIENTE
4727,6196,DESESTIMADO
4728,1265,DESESTIMADO
4729,4496,SUBSANADO
4730,9845,EVALUADO
4731,4510,VENCIDO
4732,9111,EVALUADO
4733,3510,VENCIDO
4734,9275,DESESTIMADO
4735,53,APROBADO
4736,144,DESESTIMADO
4737,9530,DESESTIMADO
4738,1689,PENDIENTE
4739,4943,DESESTIMADO
4740,7445,PENDIENTE
4741,7749,APROBADO
4742,4214,APROBADO
4743,4725,APROBADO
4744,8841,PENDIENTE
4745,4508,SUBSANADO
4746,7979,EVALUADO
4747,6895,DESESTIMADO
4748,9288,DESESTIMADO
4749,3687,DESESTIMADO
4750,8906,EVALUADO
4751,2167,APROBADO
4752,7408,DESESTIMADO
4753,5220,EVALUADO
4754,5539,VENCIDO
4755,7225,PENDIENTE
4756,913,PENDIENTE
4757,3691,DESESTIMADO
4758,1895,APROBADO
4759,6192,PENDIENTE
4760,1066,DESESTIMADO
4761,3370,APROBADO
4762,4850,EVALUADO
4763,6492,DESESTIMADO
4764,9770,VENCIDO
4765,3546,APROBADO
4766,3208,DESESTIMADO
4767,7119,EVALUADO
4768,3023,SUBSANADO
4769,9407,VENCIDO
4770,9877,SUBSANADO
4771,7032,VENCIDO
4772,3549,SUBSANADO
4773,4505,SUBSANADO
4774,5121,APROBADO
4775,3490,PENDIENTE
4776,1094,DESESTIMADO
4777,1428,APROBADO
4778,9880,PENDIENTE
4779,5415,PENDIENTE
4780,7123,DESESTIMADO
4781,3819,VENCIDO
4782,3826,SUBSANADO
4783,2810,VENCIDO
4784,25,DESESTIMADO
4785,6942,EVALUADO
4786,4339,PENDIENTE
4787,4632,PENDIENTE
4788,7166,VENCIDO
4789,9745,PENDIENTE
4790,8849,EVALUADO
4791,3345,EVALUADO
4792,1779,SUBSANADO
4793,4908,SUBSANADO
4794,3618,PENDIENTE
4795,5959,SUBSANADO
4796,2506,VENCIDO
4797,9357,APROBADO
4798,1000,VENCIDO
4799,5404,DESESTIMADO
4800,653,DESESTIMADO
4801,8569,SUBSANADO
4802,6301,EVALUADO
4803,8536,EVALUADO
4804,5643,DESESTIMADO
4805,3536,PENDIENTE
4806,1429,VENCIDO
4807,1380,DESESTIMADO
4808,4717,PENDIENTE
4809,7319,EVALUADO
4810,5357,EVALUADO
4811,1262,APROBADO
4812,5058,PENDIENTE
4813,3423,APROBADO
4814,8302,SUBSANADO
4815,4815,VENCIDO
4816,5924,APROBADO
4817,7506,PENDIENTE
4818,3351,VENCIDO
4819,2049,APROBADO
4820,7031,VENCIDO
4821,9556,PENDIENTE
4822,4826,VENCIDO
4823,1366,APROBADO
4824,5574,VENCIDO
4825,8456,VENCIDO
4826,5243,PENDIENTE
4827,7417,SUBSANADO
4828,6692,PENDIENTE
4829,306,DESESTIMADO
4830,563,EVALUADO
4831,6215,VENCIDO
4832,3390,DESESTIMADO
4833,8970,EVALUADO
4834,3832,DESESTIMADO
4835,7725,APROBADO
4836,6748,VENCIDO
4837,2844,VENCIDO
4838,5239,EVALUADO
4839,5343,APROBADO
4840,9783,EVALUADO
4841,4608,VENCIDO
4842,5357,APROBADO
4843,4632,APROBADO
4844,9428,APROBADO
4845,6590,VENCIDO
4846,6078,SUBSANADO
4847,7628,PENDIENTE
4848,2559,EVALUADO
4849,2469,VENCIDO
4850,4002,DESESTIMADO
4851,4459,VENCIDO
4852,4211,SUBSANADO
4853,6952,EVALUADO
4854,2507,EVALUADO
4855,232,EVALUADO
4856,5988,PENDIENTE
4857,5981,VENCIDO
4858,8106,EVALUADO
4859,6150,APROBADO
4860,3334,VENCIDO
4861,5190,PENDIENTE
4862,1826,DESESTIMADO
4863,3444,PENDIENTE
4864,5732,VENCIDO
4865,2356,VENCIDO
4866,6232,SUBSANADO
4867,624,DESESTIMADO
4868,3526,SUBSANADO
4869,2997,EVALUADO
4870,5253,PENDIENTE
4871,7073,SUBSANADO
4872,906,APROBADO
4873,6733,EVALUADO
4874,7222,EVALUADO
4875,2156,APROBADO
4876,2383,VENCIDO
4877,5811,VENCIDO
4878,2790,PENDIENTE
4879,7535,DESESTIMADO
4880,2203,VENCIDO
4881,9691,PENDIENTE
4882,3460,SUBSANADO
4883,7823,DESESTIMADO
4884,5020,PENDIENTE
4885,2933,PENDIENTE
4886,6771,EVALUADO
4887,7093,EVALUADO
4888,5257,PENDIENTE
4889,3650,DESESTIMADO
4890,911,VENCIDO
4891,4273,PENDIENTE
4892,7112,DESESTIMADO
4893,737,EVALUADO
4894,6179,PENDIENTE
4895,1555,VENCIDO
4896,3204,VENCIDO
4897,9218,PENDIENTE
4898,5126,APROBADO
4899,9673,VENCIDO
4900,1430,PENDIENTE
4901,374,EVALUADO
4902,4592,SUBSANADO
4903,6429,DESESTIMADO
4904,270,SUBSANADO
4905,3988,SUBSANADO
4906,9633,SUBSANADO
4907,8999,APROBADO
4908,7893,PENDIENTE
4909,5514,SUBSANADO
4910,1771,VENCIDO
4911,5424,APROBADO
4912,566,SUBSANADO
4913,2515,EVALUADO
4914,4105,EVALUADO
4915,8716,SUBSANADO
4916,4296,VENCIDO
4917,6869,VENCIDO
4918,2101,SUBSANADO
4919,7675,VENCIDO
4920,174,VENCIDO
4921,2909,PENDIENTE
4922,8725,APROBADO
4923,874,SUBSANADO
4924,2183,DESESTIMADO
4925,9469,VENCIDO
4926,9852,PENDIENTE
4927,1958,DESESTIMADO
4928,9602,EVALUADO
4929,1186,PENDIENTE
4930,2437,PENDIENTE
4931,4642,EVALUADO
4932,8187,SUBSANADO
4933,2960,DESESTIMADO
4934,3551,VENCIDO
4935,4926,VENCIDO
4936,7644,DESESTIMADO
4937,363,PENDIENTE
4938,915,VENCIDO
4939,7155,APROBADO
4940,171,EVALUADO
4941,4277,EVALUADO
4942,2853,APROBADO
4943,9812,APROBADO
4944,7687,VENCIDO
4945,2079,EVALUADO
4946,1268,DESESTIMADO
4947,4369,PENDIENTE
4948,3183,VENCIDO
4949,398,VENCIDO
4950,9351,PENDIENTE
4951,8448,APROBADO
4952,3857,VENCIDO
4953,1865,DESESTIMADO
4954,8888,APROBADO
4955,8467,SUBSANADO
4956,5385,APROBADO
4957,8202,PENDIENTE
4958,3101,PENDIENTE
4959,8001,PENDIENTE
4960,1743,VENCIDO
4961,7524,SUBSANADO
4962,5516,SUBSANADO
4963,8307,APROBADO
4964,1979,APROBADO
4965,5706,EVALUADO
4966,4579,APROBADO
4967,1490,APROBADO
4968,9083,VENCIDO
4969,3570,APROBADO
4970,6290,DESESTIMADO
4971,108,DESESTIMADO
4972,6150,APROBADO
4973,8856,VENCIDO
4974,7278,PENDIENTE
4975,624,EVALUADO
4976,7390,APROBADO
4977,3883,EVALUADO
4978,9129,PENDIENTE
4979,2668,DESESTIMADO
4980,8316,EVALUADO
4981,3794,SUBSANADO
4982,7055,SUBSANADO
4983,4385,VENCIDO
4984,1530,EVALUADO
4985,6382,SUBSANADO
4986,8850,VENCIDO
4987,9922,APROBADO
4988,8640,SUBSANADO
4989,1622,EVALUADO
4990,7084,VENCIDO
4991,3280,DESESTIMADO
4992,9768,PENDIENTE
4993,6633,APROBADO
4994,7357,PENDIENTE
4995,2721,DESESTIMADO
4996,2173,APROBADO
4997,4275,APROBADO
4998,4938,DESESTIMADO
4999,1641,VENCIDO
5000,8374,APROBADO
5001,7111,SUBSANADO
5002,6567,SUBSANADO
5003,1544,DESESTIMADO
5004,6312,EVALUADO
5005,2050,APROBADO
5006,2921,PENDIENTE
5007,3720,PENDIENTE
5008,5080,APROBADO
5009,6908,PENDIENTE
5010,6899,EVALUADO
5011,5170,SUBSANADO
5012,729,APROBADO
5013,1888,EVALUADO
5014,4973,SUBSANADO
5015,5538,EVALUADO
5016,5790,EVALUADO
5017,902,PENDIENTE
5018,3127,VENCIDO
5019,5207,VENCIDO
5020,7458,APROBADO
5021,8011,VENCIDO
5022,6476,VENCIDO
5023,3531,APROBADO
5024,9055,DESESTIMADO
5025,8951,SUBSANADO
5026,5084,APROBADO
5027,2978,APROBADO
5028,7200,VENCIDO
5029,9473,EVALUADO
5030,9505,APROBADO
5031,7098,PENDIENTE
5032,6304,DESESTIMADO
5033,2037,PENDIENTE
5034,7976,VENCIDO
5035,1613,VENCIDO
5036,8218,APROBADO
5037,9284,DESESTIMADO
5038,6720,SUBSANADO
5039,4903,EVALUADO
5040,5869,APROBADO
5041,2323,SUBSANADO
5042,8684,SUBSANADO
5043,4829,SUBSANADO
5044,2352,SUBSANADO
5045,2946,PENDIENTE
5046,8778,EVALUADO
5047,5567,SUBSANADO
5048,2608,VENCIDO
5049,5470,APROBADO
5050,2806,DESESTIMADO
5051,3467,DESESTIMADO
5052,330,VENCIDO
5053,9796,DESESTIMADO
5054,5201,APROBADO
5055,3198,SUBSANADO
5056,3932,SUBSANADO
5057,836,DESESTIMADO
5058,5612,DESESTIMADO
5059,4283,VENCIDO
5060,7651,SUBSANADO
5061,5027,APROBADO
5062,3782,PENDIENTE
5063,7657,APROBADO
5064,9719,EVALUADO
5065,1533,EVALUADO
5066,6114,SUBSANADO
5067,2129,EVALUADO
5068,1536,PENDIENTE
5069,4683,EVALUADO
5070,4583,EVALUADO
5071,415,VENCIDO
5072,3044,APROBADO
5073,7614,EVALUADO
5074,7397,SUBSANADO
5075,1606,EVALUADO
5076,4887,SUBSANADO
5077,4210,PENDIENTE
5078,6137,EVALUADO
5079,3819,VENCIDO
5080,7168,EVALUADO
5081,431,EVALUADO
5082,2345,APROBADO
5083,8037,DESESTIMADO
5084,3927,SUBSANADO
5085,1857,VENCIDO
5086,6808,DESESTIMADO
5087,9596,PENDIENTE
5088,9279,APROBADO
5089,3528,DESESTIMADO
5090,3924,APROBADO
5091,3242,APROBADO
5092,144,VENCIDO
5093,4346,VENCIDO
5094,7332,SUBSANADO
5095,9573,DESESTIMADO
5096,2706,SUBSANADO
5097,324,APROBADO
5098,5972,VENCIDO
5099,8977,APROBADO
5100,5033,APROBADO
5101,4411,SUBSANADO
5102,1693,APROBADO
5103,7541,PENDIENTE
5104,844,PENDIENTE
5105,4372,SUBSANADO
5106,2783,EVALUADO
5107,7528,EVALUADO
5108,5091,VENCIDO
5109,6255,PENDIENTE
5110,5135,VENCIDO
5111,8034,VENCIDO
5112,4543,PENDIENTE
5113,8250,PENDIENTE
5114,3912,VENCIDO
5115,9183,EVALUADO
5116,2256,SUBSANADO
5117,7260,EVALUADO
5118,8691,VENCIDO
5119,8809,SUBSANADO
5120,85,VENCIDO
5121,6034,DESESTIMADO
5122,5845,APROBADO
5123,1853,VENCIDO
5124,9643,DESESTIMADO
5125,6044,EVALUADO
5126,2463,DESESTIMADO
5127,5468,EVALUADO
5128,1223,DESESTIMADO
5129,3892,EVALUADO
5130,7783,VENCIDO
5131,4855,VENCIDO
5132,804,PENDIENTE
5133,7752,SUBSANADO
5134,9326,VENCIDO
5135,2560,SUBSANADO
5136,7695,APROBADO
5137,724,PENDIENTE
5138,1651,APROBADO
5139,196,DESESTIMADO
5140,6875,DESESTIMADO
5141,6325,PENDIENTE
5142,1416,EVALUADO
5143,2647,PENDIENTE
5144,2250,VENCIDO
5145,3898,SUBSANADO
5146,1923,DESESTIMADO
5147,5688,DESESTIMADO
5148,6849,DESESTIMADO
5149,3931,PENDIENTE
5150,9647,VENCIDO
5151,9856,APROBADO
5152,4935,DESESTIMADO
5153,3738,DESESTIMADO
5154,8467,SUBSANADO
5155,1924,SUBSANADO
5156,8091,APROBADO
5157,1647,APROBADO
5158,9271,DESESTIMADO
5159,1494,PENDIENTE
5160,9192,PENDIENTE
5161,4679,APROBADO
5162,5895,APROBADO
5163,6126,EVALUADO
5164,4306,EVALUADO
5165,6885,SUBSANADO
5166,6588,EVALUADO
5167,6077,EVALUADO
5168,2799,DESESTIMADO
5169,995,DESESTIMADO
5170,4808,PENDIENTE
5171,680,DESESTIMADO
5172,1551,APROBADO
5173,810,DESESTIMADO
5174,7748,PENDIENTE
5175,9625,APROBADO
5176,9488,PENDIENTE
5177,8871,VENCIDO
5178,9798,VENCIDO
5179,9926,SUBSANADO
5180,6696,SUBSANADO
5181,9309,DESESTIMADO
5182,8652,APROBADO
5183,1819,EVALUADO
5184,6369,SUBSANADO
5185,4498,VENCIDO
5186,1176,DESESTIMADO
5187,3979,EVALUADO
5188,7892,APROBADO
5189,3271,PENDIENTE
5190,6625,VENCIDO
5191,9222,DESESTIMADO
5192,3078,DESESTIMADO
5193,9835,SUBSANADO
5194,5050,DESESTIMADO
5195,1209,EVALUADO
5196,7832,VENCIDO
5197,4777,VENCIDO
5198,8934,SUBSANADO
5199,6829,SUBSANADO
5200,5065,SUBSANADO
5201,869,SUBSANADO
5202,8058,DESESTIMADO
5203,8268,EVALUADO
5204,86,EVALUADO
5205,9136,DESESTIMADO
5206,1248,PENDIENTE
5207,9159,PENDIENTE
5208,1402,PENDIENTE
5209,2284,VENCIDO
5210,8434,SUBSANADO
5211,2229,VENCIDO
5212,72,VENCIDO
5213,3932,SUBSANADO
5214,3229,APROBADO
5215,6810,DESESTIMADO
5216,7795,VENCIDO
5217,2340,SUBSANADO
5218,4584,PENDIENTE
5219,4658,APROBADO
5220,9067,VENCIDO
5221,9971,APROBADO
5222,5997,SUBSANADO
5223,1928,PENDIENTE
5224,6625,PENDIENTE
5225,5788,DESESTIMADO
5226,4802,APROBADO
5227,1911,APROBADO
5228,8402,DESESTIMADO
5229,5508,VENCIDO
5230,1934,APROBADO
5231,8297,PENDIENTE
5232,6988,EVALUADO
5233,4797,EVALUADO
5234,2511,EVALUADO
5235,7817,VENCIDO
5236,2283,DESESTIMADO
5237,9465,EVALUADO
5238,7805,PENDIENTE
5239,8491,DESESTIMADO
5240,1558,EVALUADO
5241,9189,PENDIENTE
5242,3559,EVALUADO
5243,6200,PENDIENTE
5244,8031,VENCIDO
5245,6052,DESESTIMADO
5246,7148,DESESTIMADO
5247,4746,SUBSANADO
5248,5291,DESESTIMADO
5249,3080,SUBSANADO
5250,245,PENDIENTE
5251,2154,SUBSANADO
5252,2702,DESESTIMADO
5253,9432,DESESTIMADO
5254,1756,APROBADO
5255,1125,APROBADO
5256,9497,PENDIENTE
5257,3344,PENDIENTE
5258,3653,SUBSANADO
5259,8022,DESESTIMADO
5260,9104,EVALUADO
5261,9880,APROBADO
5262,4408,PENDIENTE
5263,5131,PENDIENTE
5264,9845,SUBSANADO
5265,8217,DESESTIMADO
5266,6555,DESESTIMADO
5267,4040,PENDIENTE
5268,6581,SUBSANADO
5269,841,VENCIDO
5270,4898,APROBADO
5271,6997,VENCIDO
5272,6846,DESESTIMADO
5273,2437,PENDIENTE
5274,1270,VENCIDO
5275,2986,VENCIDO
5276,9732,VENCIDO
5277,1131,PENDIENTE
5278,1293,SUBSANADO
5279,745,APROBADO
5280,405,SUBSANADO
5281,7672,SUBSANADO
5282,8240,VENCIDO
5283,1616,VENCIDO
5284,3968,PENDIENTE
5285,5429,DESESTIMADO
5286,6749,APROBADO
5287,2891,PENDIENTE
5288,844,DESESTIMADO
5289,4623,APROBADO
5290,3480,PENDIENTE
5291,8138,PENDIENTE
5292,5632,APROBADO
5293,7399,PENDIENTE
5294,2478,DESESTIMADO
5295,2880,EVALUADO
5296,8176,VENCIDO
5297,3319,EVALUADO
5298,3692,SUBSANADO
5299,9697,PENDIENTE
5300,6307,SUBSANADO
5301,8980,PENDIENTE
5302,4610,APROBADO
5303,5286,SUBSANADO
5304,9367,SUBSANADO
5305,6711,APROBADO
5306,4934,VENCIDO
5307,4545,VENCIDO
5308,6028,VENCIDO
5309,57,DESESTIMADO
5310,9417,VENCIDO
5311,4039,SUBSANADO
5312,7658,VENCIDO
5313,1763,EVALUADO
5314,6099,APROBADO
5315,174,SUBSANADO
5316,2580,VENCIDO
5317,6508,PENDIENTE
5318,4056,SUBSANADO
5319,2371,EVALUADO
5320,1113,PENDIENTE
5321,6672,APROBADO
5322,1783,DESESTIMADO
5323,2205,VENCIDO
5324,6426,SUBSANADO
5325,9566,EVALUADO
5326,3914,VENCIDO
5327,5084,DESESTIMADO
5328,2305,DESESTIMADO
5329,671,PENDIENTE
5330,8848,DESESTIMADO
5331,2102,APROBADO
5332,2124,VENCIDO
5333,9440,PENDIENTE
5334,7849,VENCIDO
5335,4996,SUBSANADO
5336,748,PENDIENTE
5337,9622,APROBADO
5338,3236,DESESTIMADO
5339,3784,EVALUADO
5340,3902,SUBSANADO
5341,2988,SUBSANADO
5342,8446,APROBADO
5343,2291,DESESTIMADO
5344,8386,PENDIENTE
5345,2250,DESESTIMADO
5346,2008,SUBSANADO
5347,8208,EVALUADO
5348,4660,EVALUADO
5349,267,DESESTIMADO
5350,2014,PENDIENTE
5351,7030,SUBSANADO
5352,1499,EVALUADO
5353,3533,SUBSANADO
5354,9583,APROBADO
5355,7633,PENDIENTE
5356,202,VENCIDO
5357,4594,EVALUADO
5358,6685,DESESTIMADO
5359,1648,EVALUADO
5360,1361,PENDIENTE
5361,4690,EVALUADO
5362,714,SUBSANADO
5363,9601,VENCIDO
5364,1835,PENDIENTE
5365,9818,PENDIENTE
5366,7217,EVALUADO
5367,743,SUBSANADO
5368,6603,VENCIDO
5369,9187,VENCIDO
5370,1441,SUBSANADO
5371,8178,PENDIENTE
5372,5294,DESESTIMADO
5373,7165,EVALUADO
5374,4925,SUBSANADO
5375,8047,SUBSANADO
5376,4850,APROBADO
5377,4309,DESESTIMADO
5378,1274,SUBSANADO
5379,7389,VENCIDO
5380,5993,SUBSANADO
5381,4231,APROBADO
5382,8335,DESESTIMADO
5383,5002,DESESTIMADO
5384,6667,APROBADO
5385,1778,VENCIDO
5386,7672,VENCIDO
5387,8719,VENCIDO
5388,5849,APROBADO
5389,490,DESESTIMADO
5390,8858,PENDIENTE
5391,6400,DESESTIMADO
5392,4226,VENCIDO
5393,1187,APROBADO
5394,4974,EVALUADO
5395,2019,EVALUADO
5396,4145,SUBSANADO
5397,511,EVALUADO
5398,3755,EVALUADO
5399,4612,EVALUADO
5400,4276,VENCIDO
5401,2301,VENCIDO
5402,865,DESESTIMADO
5403,388,APROBADO
5404,529,EVALUADO
5405,9343,VENCIDO
5406,8341,VENCIDO
5407,9847,DESESTIMADO
5408,8322,DESESTIMADO
5409,7609,APROBADO
5410,9510,PENDIENTE
5411,2559,PENDIENTE
5412,2863,PENDIENTE
5413,2358,SUBSANADO
5414,156,APROBADO
5415,7738,EVALUADO
5416,677,SUBSANADO
5417,3709,APROBADO
5418,8988,DESESTIMADO
5419,9461,VENCIDO
5420,8282,DESESTIMADO
5421,3049,EVALUADO
5422,5863,PENDIENTE
5423,6255,SUBSANADO
5424,3919,SUBSANADO
5425,2231,PENDIENTE
5426,8593,DESESTIMADO
5427,2934,APROBADO
5428,9282,SUBSANADO
5429,577,DESESTIMADO
5430,4546,VENCIDO
5431,5293,PENDIENTE
5432,7203,APROBADO
5433,9836,SUBSANADO
5434,57,PENDIENTE
5435,1538,PENDIENTE
5436,3004,VENCIDO
5437,8562,VENCIDO
5438,3540,APROBADO
5439,9463,DESESTIMADO
5440,1863,APROBADO
5441,3185,EVALUADO
5442,9038,PENDIENTE
5443,2154,VENCIDO
5444,8491,VENCIDO
5445,3649,EVALUADO
5446,1391,DESESTIMADO
5447,4848,SUBSANADO
5448,4095,DESESTIMADO
5449,6083,PENDIENTE
5450,9264,EVALUADO
5451,1866,DESESTIMADO
5452,7736,VENCIDO
5453,8734,APROBADO
5454,9999,DESESTIMADO
5455,965,VENCIDO
5456,8016,PENDIENTE
5457,2211,DESESTIMADO
5458,9770,VENCIDO
5459,9579,APROBADO
5460,9136,APROBADO
5461,2467,VENCIDO
5462,6824,PENDIENTE
5463,1689,APROBADO
5464,7699,EVALUADO
5465,8137,APROBADO
5466,748,PENDIENTE
5467,1714,DESESTIMADO
5468,3366,PENDIENTE
5469,2998,PENDIENTE
5470,691,PENDIENTE
5471,9572,SUBSANADO
5472,8762,PENDIENTE
5473,4235,VENCIDO
5474,69,SUBSANADO
5475,26,DESESTIMADO
5476,3852,PENDIENTE
5477,2559,DESESTIMADO
5478,4016,PENDIENTE
5479,5174,EVALUADO
5480,109,EVALUADO
5481,3595,SUBSANADO
5482,502,SUBSANADO
5483,6769,EVALUADO
5484,5490,APROBADO
5485,4341,APROBADO
5486,745,APROBADO
5487,765,DESESTIMADO
5488,8183,DESESTIMADO
5489,5893,PENDIENTE
5490,1176,DESESTIMADO
5491,8007,DESESTIMADO
5492,2495,DESESTIMADO
5493,4765,EVALUADO
5494,6134,SUBSANADO
5495,9648,PENDIENTE
5496,9240,DESESTIMADO
5497,231,SUBSANADO
5498,9408,SUBSANADO
5499,8226,SUBSANADO
5500,9867,DESESTIMADO
5501,2082,VENCIDO
5502,1991,SUBSANADO
5503,7870,VENCIDO
5504,6725,APROBADO
5505,3525,EVALUADO
5506,2117,APROBADO
5507,3472,VENCIDO
5508,3014,APROBADO
5509,9985,DESESTIMADO
5510,9257,VENCIDO
5511,5493,APROBADO
5512,8710,EVALUADO
5513,8166,PENDIENTE
5514,9011,APROBADO
5515,5215,EVALUADO
5516,5198,VENCIDO
5517,7961,EVALUADO
5518,3066,PENDIENTE
5519,5251,APROBADO
5520,7182,PENDIENTE
5521,5720,APROBADO
5522,153,SUBSANADO
5523,139,VENCIDO
5524,7161,SUBSANADO
5525,1397,APROBADO
5526,2227,VENCIDO
5527,7548,EVALUADO
5528,3430,APROBADO
5529,3858,SUBSANADO
5530,9414,SUBSANADO
5531,9985,SUBSANADO
5532,5220,PENDIENTE
5533,7009,APROBADO
5534,4990,SUBSANADO
5535,3849,VENCIDO
5536,4509,VENCIDO
5537,8894,DESESTIMADO
5538,5060,EVALUADO
5539,1595,PENDIENTE
5540,9138,EVALUADO
5541,1686,PENDIENTE
5542,4041,EVALUADO
5543,8880,EVALUADO
5544,1311,APROBADO
5545,2090,EVALUADO
5546,8890,APROBADO
5547,952,PENDIENTE
5548,8045,VENCIDO
5549,5571,PENDIENTE
5550,8399,PENDIENTE
5551,9073,VENCIDO
5552,8752,DESESTIMADO
5553,3840,DESESTIMADO
5554,261,PENDIENTE
5555,1147,SUBSANADO
5556,5424,PENDIENTE
5557,5947,PENDIENTE
5558,2443,DESESTIMADO
5559,7215,EVALUADO
5560,2104,DESESTIMADO
5561,8479,PENDIENTE
5562,3609,VENCIDO
5563,5209,VENCIDO
5564,8977,SUBSANADO
5565,933,VENCIDO
5566,6448,APROBADO
5567,2288,VENCIDO
5568,5326,PENDIENTE
5569,7651,APROBADO
5570,976,SUBSANADO
5571,5070,PENDIENTE
5572,390,EVALUADO
5573,8796,DESESTIMADO
5574,6158,SUBSANADO
5575,3841,PENDIENTE
5576,8477,PENDIENTE
5577,345,DESESTIMADO
5578,2627,SUBSANADO
5579,1260,SUBSANADO
5580,4383,VENCIDO
5581,913,DESESTIMADO
5582,3149,DESESTIMADO
5583,9424,EVALUADO
5584,928,APROBADO
5585,5045,PENDIENTE
5586,5456,PENDIENTE
5587,7595,APROBADO
5588,1984,VENCIDO
5589,3905,EVALUADO
5590,1138,VENCIDO
5591,528,SUBSANADO
5592,9503,VENCIDO
5593,8845,SUBSANADO
5594,791,DESESTIMADO
5595,4368,DESESTIMADO
5596,2494,SUBSANADO
5597,620,PENDIENTE
5598,9871,PENDIENTE
5599,6862,DESESTIMADO
5600,6103,EVALUADO
5601,8080,PENDIENTE
5602,257,APROBADO
5603,7980,PENDIENTE
5604,6415,APROBADO
5605,2413,EVALUADO
5606,5672,EVALUADO
5607,8630,APROBADO
5608,6878,APROBADO
5609,3408,PENDIENTE
5610,5109,SUBSANADO
5611,1898,SUBSANADO
5612,7720,VENCIDO
5613,5013,VENCIDO
5614,5871,EVALUADO
5615,8787,DESESTIMADO
5616,5142,EVALUADO
5617,7311,DESESTIMADO
5618,8781,SUBSANADO
5619,9670,SUBSANADO
5620,9263,PENDIENTE
5621,3067,DESESTIMADO
5622,5231,SUBSANADO
5623,651,VENCIDO
5624,1874,DESESTIMADO
5625,6957,DESESTIMADO
5626,6640,PENDIENTE
5627,7343,SUBSANADO
5628,1034,VENCIDO
5629,6070,PENDIENTE
5630,585,EVALUADO
5631,871,PENDIENTE
5632,110,PENDIENTE
5633,5096,VENCIDO
5634,169,SUBSANADO
5635,2889,APROBADO
5636,6238,VENCIDO
5637,1696,DESESTIMADO
5638,2502,VENCIDO
5639,1995,DESESTIMADO
5640,6739,SUBSANADO
5641,3752,DESESTIMADO
5642,4360,EVALUADO
5643,3742,APROBADO
5644,1601,SUBSANADO
5645,5703,DESESTIMADO
5646,7606,VENCIDO
5647,5120,SUBSANADO
5648,4164,DESESTIMADO
5649,7146,APROBADO
5650,1359,VENCIDO
5651,9374,SUBSANADO
5652,311,DESESTIMADO
5653,3582,DESESTIMADO
5654,4675,APROBADO
5655,6411,DESESTIMADO
5656,2075,PENDIENTE
5657,663,EVALUADO
5658,5951,PENDIENTE
5659,4729,EVALUADO
5660,692,DESESTIMADO
5661,8076,SUBSANADO
5662,9484,APROBADO
5663,890,VENCIDO
5664,8978,EVALUADO
5665,6256,SUBSANADO
5666,9065,APROBADO
5667,3404,SUBSANADO
5668,6770,DESESTIMADO
5669,9453,PENDIENTE
5670,3598,EVALUADO
5671,9034,EVALUADO
5672,8128,PENDIENTE
5673,6779,EVALUADO
5674,595,EVALUADO
5675,6271,APROBADO
5676,7516,DESESTIMADO
5677,6249,APROBADO
5678,6520,PENDIENTE
5679,998,EVALUADO
5680,5365,PENDIENTE
5681,8171,PENDIENTE
5682,8712,PENDIENTE
5683,452,PENDIENTE
5684,4990,DESESTIMADO
5685,7105,SUBSANADO
5686,6125,DESESTIMADO
5687,9829,APROBADO
5688,2263,EVALUADO
5689,8153,EVALUADO
5690,6518,SUBSANADO
5691,9446,APROBADO
5692,9586,VENCIDO
5693,4669,EVALUADO
5694,2107,VENCIDO
5695,8049,SUBSANADO
5696,7002,EVALUADO
5697,413,DESESTIMADO
5698,8874,PENDIENTE
5699,6747,DESESTIMADO
5700,702,EVALUADO
5701,5263,PENDIENTE
5702,7598,VENCIDO
5703,7646,DESESTIMADO
5704,1939,APROBADO
5705,9721,PENDIENTE
5706,2586,APROBADO
5707,6586,SUBSANADO
5708,9077,VENCIDO
5709,1762,PENDIENTE
5710,5270,DESESTIMADO
5711,7935,DESESTIMADO
5712,5260,PENDIENTE
5713,7916,SUBSANADO
5714,7510,VENCIDO
5715,389,VENCIDO
5716,6211,SUBSANADO
5717,7004,EVALUADO
5718,3603,APROBADO
5719,2961,APROBADO
5720,9603,EVALUADO
5721,8410,APROBADO
5722,4196,PENDIENTE
5723,7400,VENCIDO
5724,569,SUBSANADO
5725,426,APROBADO
5726,7695,APROBADO
5727,7784,VENCIDO
5728,428,DESESTIMADO
5729,965,APROBADO
5730,6797,PENDIENTE
5731,4252,VENCIDO
5732,3103,DESESTIMADO
5733,3917,APROBADO
5734,7692,APROBADO
5735,905,PENDIENTE
5736,7599,PENDIENTE
5737,2605,VENCIDO
5738,2609,DESESTIMADO
5739,7749,PENDIENTE
5740,9313,SUBSANADO
5741,2432,EVALUADO
5742,5615,APROBADO
5743,468,DESESTIMADO
5744,6316,VENCIDO
5745,1255,SUBSANADO
5746,6382,APROBADO
5747,3227,DESESTIMADO
5748,7701,PENDIENTE
5749,6840,SUBSANADO
5750,5524,DESESTIMADO
5751,2644,APROBADO
5752,1508,SUBSANADO
5753,5444,EVALUADO
5754,518,DESESTIMADO
5755,3240,PENDIENTE
5756,1154,DESESTIMADO
5757,1014,VENCIDO
5758,251,PENDIENTE
5759,1374,DESESTIMADO
5760,2993,APROBADO
5761,8997,APROBADO
5762,1999,PENDIENTE
5763,9681,VENCIDO
5764,7226,VENCIDO
5765,1716,VENCIDO
5766,2548,APROBADO
5767,9705,VENCIDO
5768,2021,VENCIDO
5769,275,SUBSANADO
5770,8229,EVALUADO
5771,5,APROBADO
5772,8294,DESESTIMADO
5773,5362,VENCIDO
5774,5443,APROBADO
5775,9589,PENDIENTE
5776,392,APROBADO
5777,4330,DESESTIMADO
5778,9394,APROBADO
5779,2991,APROBADO
5780,8807,SUBSANADO
5781,8614,DESESTIMADO
5782,2679,SUBSANADO
5783,3291,PENDIENTE
5784,9091,EVALUADO
5785,3199,VENCIDO
5786,8346,VENCIDO
5787,5115,PENDIENTE
5788,2571,DESESTIMADO
5789,4169,APROBADO
5790,5576,VENCIDO
5791,9721,SUBSANADO
5792,2496,SUBSANADO
5793,7575,VENCIDO
5794,2393,VENCIDO
5795,3874,SUBSANADO
5796,1526,APROBADO
5797,6408,APROBADO
5798,377,PENDIENTE
5799,5155,APROBADO
5800,1293,APROBADO
5801,9803,SUBSANADO
5802,1961,DESESTIMADO
5803,2935,DESESTIMADO
5804,7128,DESESTIMADO
5805,1082,DESESTIMADO
5806,5635,EVALUADO
5807,6448,DESESTIMADO
5808,1353,PENDIENTE
5809,3490,PENDIENTE
5810,5897,APROBADO
5811,2787,DESESTIMADO
5812,4786,DESESTIMADO
5813,1395,DESESTIMADO
5814,7869,APROBADO
5815,3663,VENCIDO
5816,7880,EVALUADO
5817,7569,APROBADO
5818,7202,APROBADO
5819,8738,VENCIDO
5820,8436,VENCIDO
5821,6431,PENDIENTE
5822,782,PENDIENTE
5823,3712,SUBSANADO
5824,1335,VENCIDO
5825,3321,EVALUADO
5826,8258,SUBSANADO
5827,6921,APROBADO
5828,6512,DESESTIMADO
5829,9804,DESESTIMADO
5830,2351,PENDIENTE
5831,6118,DESESTIMADO
5832,5895,PENDIENTE
5833,4683,APROBADO
5834,2028,APROBADO
5835,4153,PENDIENTE
5836,569,VENCIDO
5837,4309,APROBADO
5838,6409,VENCIDO
5839,5345,PENDIENTE
5840,7697,APROBADO
5841,8579,SUBSANADO
5842,7908,EVALUADO
5843,6678,VENCIDO
5844,9261,DESESTIMADO
5845,7406,VENCIDO
5846,6486,PENDIENTE
5847,7490,DESESTIMADO
5848,3041,APROBADO
5849,5979,DESESTIMADO
5850,1118,APROBADO
5851,7411,APROBADO
5852,8556,VENCIDO
5853,360,DESESTIMADO
5854,4,APROBADO
5855,6645,PENDIENTE
5856,7579,PENDIENTE
5857,2049,DESESTIMADO
5858,9635,EVALUADO
5859,3916,DESESTIMADO
5860,7278,SUBSANADO
5861,5368,VENCIDO
5862,1591,PENDIENTE
5863,8031,SUBSANADO
5864,5471,VENCIDO
5865,9944,PENDIENTE
5866,5351,VENCIDO
5867,3315,SUBSANADO
5868,9115,DESESTIMADO
5869,7300,EVALUADO
5870,3264,EVALUADO
5871,4919,VENCIDO
5872,8588,APROBADO
5873,6712,VENCIDO
5874,4862,APROBADO
5875,5030,SUBSANADO
5876,5648,EVALUADO
5877,7310,APROBADO
5878,4090,APROBADO
5879,5959,VENCIDO
5880,7791,APROBADO
5881,7941,VENCIDO
5882,1002,VENCIDO
5883,6175,VENCIDO
5884,63,VENCIDO
5885,2358,EVALUADO
5886,1992,PENDIENTE
5887,4918,DESESTIMADO
5888,7224,DESESTIMADO
5889,1676,SUBSANADO
5890,6025,EVALUADO
5891,8911,DESESTIMADO
5892,3062,VENCIDO
5893,8035,PENDIENTE
5894,9194,SUBSANADO
5895,1563,DESESTIMADO
5896,9501,VENCIDO
5897,463,APROBADO
5898,9301,VENCIDO
5899,5818,APROBADO
5900,1448,APROBADO
5901,9499,PENDIENTE
5902,1575,PENDIENTE
5903,735,PENDIENTE
5904,6354,SUBSANADO
5905,6010,DESESTIMADO
5906,4387,APROBADO
5907,6633,PENDIENTE
5908,2404,DESESTIMADO
5909,7391,VENCIDO
5910,840,VENCIDO
5911,1806,EVALUADO
5912,86,EVALUADO
5913,3230,APROBADO
5914,5598,SUBSANADO
5915,8656,VENCIDO
5916,4709,DESESTIMADO
5917,6969,PENDIENTE
5918,649,SUBSANADO
5919,8477,DESESTIMADO
5920,1521,PENDIENTE
5921,4160,APROBADO
5922,5645,EVALUADO
5923,6260,SUBSANADO
5924,8364,PENDIENTE
5925,6059,VENCIDO
5926,4056,EVALUADO
5927,1735,PENDIENTE
5928,8905,PENDIENTE
5929,4982,APROBADO
5930,6738,EVALUADO
5931,6044,PENDIENTE
5932,5834,VENCIDO
5933,7154,DESESTIMADO
5934,2691,SUBSANADO
5935,7887,SUBSANADO
5936,3991,PENDIENTE
5937,759,PENDIENTE
5938,7221,DESESTIMADO
5939,8492,SUBSANADO
5940,2001,APROBADO
5941,1948,PENDIENTE
5942,4329,VENCIDO
5943,6916,VENCIDO
5944,7592,EVALUADO
5945,5132,PENDIENTE
5946,3229,APROBADO
5947,7609,APROBADO
5948,8872,PENDIENTE
5949,6517,APROBADO
5950,4358,APROBADO
5951,3459,PENDIENTE
5952,8379,APROBADO
5953,546,VENCIDO
5954,4568,SUBSANADO
5955,1036,EVALUADO
5956,3412,VENCIDO
5957,4941,VENCIDO
5958,8082,SUBSANADO
5959,1097,VENCIDO
5960,5431,SUBSANADO
5961,6361,APROBADO
5962,1181,PENDIENTE
5963,4386,DESESTIMADO
5964,2457,PENDIENTE
5965,9333,DESESTIMADO
5966,6376,APROBADO
5967,9297,EVALUADO
5968,4786,PENDIENTE
5969,3179,APROBADO
5970,4791,PENDIENTE
5971,5224,SUBSANADO
5972,155,SUBSANADO
5973,9650,APROBADO
5974,3373,DESESTIMADO
5975,6660,VENCIDO
5976,5852,APROBADO
5977,5349,EVALUADO
5978,5448,VENCIDO
5979,5389,PENDIENTE
5980,3689,DESESTIMADO
5981,1155,PENDIENTE
5982,6593,VENCIDO
5983,4202,SUBSANADO
5984,5486,SUBSANADO
5985,8835,SUBSANADO
5986,5266,PENDIENTE
5987,349,SUBSANADO
5988,5919,SUBSANADO
5989,757,APROBADO
5990,9921,APROBADO
5991,5107,VENCIDO
5992,9871,DESESTIMADO
5993,5336,VENCIDO
5994,758,EVALUADO
5995,1861,EVALUADO
5996,5852,EVALUADO
5997,4279,SUBSANADO
5998,9730,APROBADO
5999,3987,DESESTIMADO
6000,9511,DESESTIMADO
6001,2621,EVALUADO
6002,4601,DESESTIMADO
6003,5459,SUBSANADO
6004,5069,APROBADO
6005,9281,VENCIDO
6006,3363,EVALUADO
6007,3848,APROBADO
6008,392,APROBADO
6009,3703,VENCIDO
6010,1212,PENDIENTE
6011,5696,PENDIENTE
6012,8171,DESESTIMADO
6013,2306,DESESTIMADO
6014,3514,SUBSANADO
6015,5845,DESESTIMADO
6016,7638,SUBSANADO
6017,8789,SUBSANADO
6018,9084,VENCIDO
6019,1333,PENDIENTE
6020,7005,PENDIENTE
6021,9264,DESESTIMADO
6022,782,SUBSANADO
6023,9211,DESESTIMADO
6024,4236,SUBSANADO
6025,8733,VENCIDO
6026,750,SUBSANADO
6027,9470,EVALUADO
6028,3353,EVALUADO
6029,1549,VENCIDO
6030,4045,APROBADO
6031,9019,VENCIDO
6032,7206,SUBSANADO
6033,2766,APROBADO
6034,9923,APROBADO
6035,7030,EVALUADO
6036,1249,EVALUADO
6037,1738,EVALUADO
6038,2414,APROBADO
6039,7833,EVALUADO
6040,3146,VENCIDO
6041,3523,VENCIDO
6042,3567,VENCIDO
6043,5643,SUBSANADO
6044,1916,SUBSANADO
6045,8017,PENDIENTE
6046,4181,EVALUADO
6047,7438,EVALUADO
6048,8267,VENCIDO
6049,4268,SUBSANADO
6050,7649,VENCIDO
6051,8967,VENCIDO
6052,3846,SUBSANADO
6053,6064,VENCIDO
6054,179,PENDIENTE
6055,6389,DESESTIMADO
6056,4906,DESESTIMADO
6057,9161,PENDIENTE
6058,7336,APROBADO
6059,7309,APROBADO
6060,7431,APROBADO
6061,8541,DESESTIMADO
6062,430,SUBSANADO
6063,7395,APROBADO
6064,778,DESESTIMADO
6065,1171,DESESTIMADO
6066,8832,SUBSANADO
6067,5589,EVALUADO
6068,7877,DESESTIMADO
6069,9667,APROBADO
6070,4349,VENCIDO
6071,6719,SUBSANADO
6072,9479,EVALUADO
6073,6568,EVALUADO
6074,4251,EVALUADO
6075,3741,APROBADO
6076,3732,APROBADO
6077,775,SUBSANADO
6078,3148,VENCIDO
6079,7998,APROBADO
6080,4260,SUBSANADO
6081,3673,SUBSANADO
6082,316,DESESTIMADO
6083,6343,VENCIDO
6084,4583,PENDIENTE
6085,5833,PENDIENTE
6086,3586,SUBSANADO
6087,7292,DESESTIMADO
6088,9139,VENCIDO
6089,4758,EVALUADO
6090,7106,VENCIDO
6091,119,PENDIENTE
6092,3812,DESESTIMADO
6093,3724,APROBADO
6094,148,APROBADO
6095,4681,PENDIENTE
6096,5958,VENCIDO
6097,3974,PENDIENTE
6098,9604,EVALUADO
6099,3486,PENDIENTE
6100,5238,SUBSANADO
6101,3865,DESESTIMADO
6102,2602,VENCIDO
6103,9229,VENCIDO
6104,9337,EVALUADO
6105,1334,VENCIDO
6106,8308,EVALUADO
6107,8142,VENCIDO
6108,2459,DESESTIMADO
6109,4768,VENCIDO
6110,6835,VENCIDO
6111,6015,PENDIENTE
6112,765,VENCIDO
6113,6827,SUBSANADO
6114,6459,VENCIDO
6115,2274,PENDIENTE
6116,3629,EVALUADO
6117,2238,APROBADO
6118,9588,VENCIDO
6119,6527,VENCIDO
6120,689,APROBADO
6121,8987,EVALUADO
6122,6640,VENCIDO
6123,3630,VENCIDO
6124,6425,SUBSANADO
6125,3210,EVALUADO
6126,9973,APROBADO
6127,4362,EVALUADO
6128,8551,DESESTIMADO
6129,1657,SUBSANADO
6130,5308,VENCIDO
6131,4862,APROBADO
6132,9282,APROBADO
6133,5564,VENCIDO
6134,8058,EVALUADO
6135,5696,PENDIENTE
6136,568,APROBADO
6137,5924,PENDIENTE
6138,94,VENCIDO
6139,8103,SUBSANADO
6140,4907,PENDIENTE
6141,4843,EVALUADO
6142,6378,DESESTIMADO
6143,1966,DESESTIMADO
6144,7283,APROBADO
6145,6605,VENCIDO
6146,6354,APROBADO
6147,2487,EVALUADO
6148,4042,EVALUADO
6149,804,PENDIENTE
6150,3283,APROBADO
6151,7218,DESESTIMADO
6152,4296,DESESTIMADO
6153,4945,SUBSANADO
6154,2825,EVALUADO
6155,3862,DESESTIMADO
6156,1889,PENDIENTE
6157,3188,APROBADO
6158,3220,DESESTIMADO
6159,1436,APROBADO
6160,9655,APROBADO
6161,4634,PENDIENTE
6162,9531,SUBSANADO
6163,8948,SUBSANADO
6164,4273,PENDIENTE
6165,7544,APROBADO
6166,4607,EVALUADO
6167,4299,PENDIENTE
6168,8699,DESESTIMADO
6169,6193,VENCIDO
6170,7854,PENDIENTE
6171,2963,SUBSANADO
6172,9662,VENCIDO
6173,896,DESESTIMADO
6174,4089,EVALUADO
6175,4299,DESESTIMADO
6176,4393,APROBADO
6177,2576,VENCIDO
6178,9874,PENDIENTE
6179,2798,SUBSANADO
6180,1737,SUBSANADO
6181,6845,SUBSANADO
6182,3166,VENCIDO
6183,9162,DESESTIMADO
6184,5030,EVALUADO
6185,7268,APROBADO
6186,5860,DESESTIMADO
6187,4257,PENDIENTE
6188,7621,PENDIENTE
6189,4102,PENDIENTE
6190,8754,SUBSANADO
6191,2335,EVALUADO
6192,9457,EVALUADO
6193,969,DESESTIMADO
6194,9699,PENDIENTE
6195,292,EVALUADO
6196,2626,APROBADO
6197,6408,VENCIDO
6198,8480,DESESTIMADO
6199,9781,DESESTIMADO
6200,4324,EVALUADO
6201,1630,EVALUADO
6202,6482,APROBADO
6203,1887,APROBADO
6204,9523,DESESTIMADO
6205,4640,EVALUADO
6206,3290,VENCIDO
6207,2724,PENDIENTE
6208,3875,VENCIDO
6209,5758,APROBADO
6210,5858,APROBADO
6211,9583,PENDIENTE
6212,775,APROBADO
6213,7945,EVALUADO
6214,9760,DESESTIMADO
6215,8986,APROBADO
6216,1857,DESESTIMADO
6217,4667,VENCIDO
6218,3929,VENCIDO
6219,3644,SUBSANADO
6220,8156,EVALUADO
6221,7855,PENDIENTE
6222,8265,SUBSANADO
6223,4485,DESESTIMADO
6224,6327,VENCIDO
6225,1084,DESESTIMADO
6226,4451,SUBSANADO
6227,2519,SUBSANADO
6228,4270,APROBADO
6229,4328,EVALUADO
6230,8310,SUBSANADO
6231,6271,APROBADO
6232,9563,VENCIDO
6233,823,EVALUADO
6234,2095,SUBSANADO
6235,8878,VENCIDO
6236,1757,DESESTIMADO
6237,9863,PENDIENTE
6238,4987,DESESTIMADO
6239,9515,DESESTIMADO
6240,383,APROBADO
6241,8432,EVALUADO
6242,664,DESESTIMADO
6243,8068,EVALUADO
6244,3040,EVALUADO
6245,7778,VENCIDO
6246,2530,DESESTIMADO
6247,1193,DESESTIMADO
6248,2828,APROBADO
6249,6886,VENCIDO
6250,3049,VENCIDO
6251,8795,VENCIDO
6252,6156,PENDIENTE
6253,380,SUBSANADO
6254,5811,EVALUADO
6255,6352,APROBADO
6256,3052,VENCIDO
6257,7952,DESESTIMADO
6258,6381,APROBADO
6259,5292,SUBSANADO
6260,6061,PENDIENTE
6261,7092,PENDIENTE
6262,8343,PENDIENTE
6263,5887,PENDIENTE
6264,6142,EVALUADO
6265,4218,PENDIENTE
6266,985,APROBADO
6267,3942,APROBADO
6268,6719,APROBADO
6269,6679,VENCIDO
6270,9728,APROBADO
6271,9306,PENDIENTE
6272,445,EVALUADO
6273,193,APROBADO
6274,2883,SUBSANADO
6275,6818,PENDIENTE
6276,6342,SUBSANADO
6277,6980,EVALUADO
6278,9474,EVALUADO
6279,5758,EVALUADO
6280,3209,EVALUADO
6281,4800,APROBADO
6282,53,APROBADO
6283,5484,SUBSANADO
6284,5701,APROBADO
6285,2113,SUBSANADO
6286,263,VENCIDO
6287,1918,APROBADO
6288,4436,APROBADO
6289,9130,DESESTIMADO
6290,5160,DESESTIMADO
6291,3346,VENCIDO
6292,5758,EVALUADO
6293,7039,SUBSANADO
6294,3629,SUBSANADO
6295,5512,SUBSANADO
6296,6079,SUBSANADO
6297,9357,VENCIDO
6298,2488,PENDIENTE
6299,8860,DESESTIMADO
6300,5047,EVALUADO
6301,1044,VENCIDO
6302,2900,APROBADO
6303,4043,DESESTIMADO
6304,7003,SUBSANADO
6305,3098,APROBADO
6306,9229,PENDIENTE
6307,7252,DESESTIMADO
6308,9271,SUBSANADO
6309,4971,SUBSANADO
6310,2575,DESESTIMADO
6311,2252,VENCIDO
6312,8851,EVALUADO
6313,3349,DESESTIMADO
6314,3616,DESESTIMADO
6315,9614,SUBSANADO
6316,7570,APROBADO
6317,1239,APROBADO
6318,1849,SUBSANADO
6319,5405,EVALUADO
6320,3394,SUBSANADO
6321,1935,SUBSANADO
6322,2228,DESESTIMADO
6323,5681,EVALUADO
6324,8932,EVALUADO
6325,9505,PENDIENTE
6326,7755,SUBSANADO
6327,87,DESESTIMADO
6328,1533,DESESTIMADO
6329,5049,VENCIDO
6330,4918,APROBADO
6331,782,PENDIENTE
6332,352,SUBSANADO
6333,4657,EVALUADO
6334,8528,VENCIDO
6335,5291,EVALUADO
6336,1539,PENDIENTE
6337,6919,PENDIENTE
6338,7029,EVALUADO
6339,3527,APROBADO
6340,4861,DESESTIMADO
6341,1140,EVALUADO
6342,404,EVALUADO
6343,582,EVALUADO
6344,2009,VENCIDO
6345,1022,EVALUADO
6346,1653,APROBADO
6347,4906,APROBADO
6348,5660,APROBADO
6349,5414,SUBSANADO
6350,23,PENDIENTE
6351,5489,PENDIENTE
6352,5835,APROBADO
6353,5047,APROBADO
6354,4138,PENDIENTE
6355,122,SUBSANADO
6356,1105,APROBADO
6357,6844,APROBADO
6358,6633,VENCIDO
6359,1970,DESESTIMADO
6360,94,VENCIDO
6361,8251,PENDIENTE
6362,8560,APROBADO
6363,8742,DESESTIMADO
6364,7563,EVALUADO
6365,7053,APROBADO
6366,3079,PENDIENTE
6367,8827,VENCIDO
6368,4658,DESESTIMADO
6369,7238,DESESTIMADO
6370,3994,DESESTIMADO
6371,3603,SUBSANADO
6372,6519,EVALUADO
6373,7504,SUBSANADO
6374,4783,VENCIDO
6375,7446,PENDIENTE
6376,53,APROBADO
6377,3112,DESESTIMADO
6378,1457,EVALUADO
6379,5406,VENCIDO
6380,7493,EVALUADO
6381,5810,APROBADO
6382,4252,APROBADO
6383,5328,PENDIENTE
6384,1985,VENCIDO
6385,7008,PENDIENTE
6386,1935,APROBADO
6387,2911,EVALUADO
6388,7374,SUBSANADO
6389,342,EVALUADO
6390,9772,DESESTIMADO
6391,4730,VENCIDO
6392,2996,PENDIENTE
6393,5799,APROBADO
6394,9681,PENDIENTE
6395,1908,APROBADO
6396,1883,PENDIENTE
6397,5173,DESESTIMADO
6398,2759,VENCIDO
6399,2290,EVALUADO
6400,5319,EVALUADO
6401,7815,PENDIENTE
6402,4356,DESESTIMADO
6403,6749,SUBSANADO
6404,1265,VENCIDO
6405,4831,VENCIDO
6406,7927,SUBSANADO
6407,408,APROBADO
6408,733,APROBADO
6409,1735,VENCIDO
6410,9846,VENCIDO
6411,6174,VENCIDO
6412,554,PENDIENTE
6413,1059,EVALUADO
6414,1247,APROBADO
6415,1872,DESESTIMADO
6416,9256,PENDIENTE
6417,9274,PENDIENTE
6418,1868,SUBSANADO
6419,8108,VENCIDO
6420,997,APROBADO
6421,7023,SUBSANADO
6422,4788,SUBSANADO
6423,1296,APROBADO
6424,8259,VENCIDO
6425,677,DESESTIMADO
6426,3423,SUBSANADO
6427,1131,VENCIDO
6428,5025,EVALUADO
6429,7657,SUBSANADO
6430,3585,SUBSANADO
6431,1797,PENDIENTE
6432,8285,VENCIDO
6433,4081,EVALUADO
6434,7092,SUBSANADO
6435,6476,DESESTIMADO
6436,4597,PENDIENTE
6437,980,APROBADO
6438,8903,PENDIENTE
6439,5853,EVALUADO
6440,6285,APROBADO
6441,4180,SUBSANADO
6442,9063,PENDIENTE
6443,398,DESESTIMADO
6444,2750,VENCIDO
6445,493,DESESTIMADO
6446,1651,EVALUADO
6447,4669,DESESTIMADO
6448,6012,PENDIENTE
6449,3319,VENCIDO
6450,8246,VENCIDO
6451,6070,DESESTIMADO
6452,4228,SUBSANADO
6453,1554,VENCIDO
6454,7682,EVALUADO
6455,5001,VENCIDO
6456,4048,APROBADO
6457,6209,SUBSANADO
6458,7310,DESESTIMADO
6459,7404,SUBSANADO
6460,2820,EVALUADO
6461,3379,VENCIDO
6462,6939,PENDIENTE
6463,6782,VENCIDO
6464,9989,VENCIDO
6465,7509,EVALUADO
6466,3187,VENCIDO
6467,8383,SUBSANADO
6468,5649,DESESTIMADO
6469,4619,DESESTIMADO
6470,2461,PENDIENTE
6471,539,EVALUADO
6472,1202,APROBADO
6473,261,VENCIDO
6474,5670,SUBSANADO
6475,4488,APROBADO
6476,2899,DESESTIMADO
6477,5414,DESESTIMADO
6478,5669,APROBADO
6479,2678,SUBSANADO
6480,1731,DESESTIMADO
6481,746,APROBADO
6482,9835,EVALUADO
6483,9609,VENCIDO
6484,3847,PENDIENTE
6485,471,PENDIENTE
6486,903,VENCIDO
6487,7361,VENCIDO
6488,3074,DESESTIMADO
6489,6822,VENCIDO
6490,6007,APROBADO
6491,5184,APROBADO
6492,8414,APROBADO
6493,4662,EVALUADO
6494,9390,APROBADO
6495,2429,EVALUADO
6496,3797,APROBADO
6497,2884,EVALUADO
6498,665,APROBADO
6499,2607,EVALUADO
6500,5574,EVALUADO
6501,9851,EVALUADO
6502,6443,VENCIDO
6503,8009,SUBSANADO
6504,4900,EVALUADO
6505,7421,DESESTIMADO
6506,469,DESESTIMADO
6507,3308,PENDIENTE
6508,8252,EVALUADO
6509,5108,DESESTIMADO
6510,3651,VENCIDO
6511,3812,EVALUADO
6512,942,PENDIENTE
6513,2621,EVALUADO
6514,1938,PENDIENTE
6515,1692,EVALUADO
6516,1913,PENDIENTE
6517,5317,APROBADO
6518,9787,DESESTIMADO
6519,1673,EVALUADO
6520,7860,PENDIENTE
6521,5652,APROBADO
6522,4024,VENCIDO
6523,6006,APROBADO
6524,5095,VENCIDO
6525,2422,DESESTIMADO
6526,4871,APROBADO
6527,6224,SUBSANADO
6528,8045,APROBADO
6529,6784,VENCIDO
6530,3488,EVALUADO
6531,6864,VENCIDO
6532,9109,SUBSANADO
6533,5308,EVALUADO
6534,7123,EVALUADO
6535,6736,APROBADO
6536,3240,EVALUADO
6537,1948,PENDIENTE
6538,5583,VENCIDO
6539,1085,APROBADO
6540,6121,DESESTIMADO
6541,1702,SUBSANADO
6542,9956,PENDIENTE
6543,8814,PENDIENTE
6544,3517,VENCIDO
6545,5360,PENDIENTE
6546,90,VENCIDO
6547,5157,PENDIENTE
6548,2574,DESESTIMADO
6549,2624,PENDIENTE
6550,612,VENCIDO
6551,5649,EVALUADO
6552,4761,EVALUADO
6553,953,SUBSANADO
6554,8496,EVALUADO
6555,2847,VENCIDO
6556,9460,APROBADO
6557,6879,DESESTIMADO
6558,1908,APROBADO
6559,5726,PENDIENTE
6560,3705,APROBADO
6561,9405,APROBADO
6562,5586,PENDIENTE
6563,1233,VENCIDO
6564,7799,SUBSANADO
6565,5854,APROBADO
6566,8842,DESESTIMADO
6567,1595,VENCIDO
6568,4847,EVALUADO
6569,795,APROBADO
6570,2969,VENCIDO
6571,7303,APROBADO
6572,2710,APROBADO
6573,9382,PENDIENTE
6574,8452,APROBADO
6575,8566,EVALUADO
6576,5517,SUBSANADO
6577,4879,EVALUADO
6578,189,VENCIDO
6579,6789,EVALUADO
6580,257,PENDIENTE
6581,7420,DESESTIMADO
6582,1214,DESESTIMADO
6583,9435,DESESTIMADO
6584,3825,SUBSANADO
6585,1069,PENDIENTE
6586,7361,EVALUADO
6587,6787,PENDIENTE
6588,6751,DESESTIMADO
6589,7266,SUBSANADO
6590,4278,PENDIENTE
6591,7439,PENDIENTE
6592,4868,PENDIENTE
6593,3286,DESESTIMADO
6594,489,PENDIENTE
6595,1224,EVALUADO
6596,8100,VENCIDO
6597,3753,EVALUADO
6598,5136,EVALUADO
6599,2698,PENDIENTE
6600,807,EVALUADO
6601,5091,APROBADO
6602,3626,SUBSANADO
6603,6337,EVALUADO
6604,7836,SUBSANADO
6605,609,VENCIDO
6606,4549,EVALUADO
6607,4557,SUBSANADO
6608,7525,SUBSANADO
6609,8908,DESESTIMADO
6610,4229,VENCIDO
6611,2979,PENDIENTE
6612,5897,SUBSANADO
6613,5070,SUBSANADO
6614,9276,VENCIDO
6615,6336,PENDIENTE
6616,5367,APROBADO
6617,1443,EVALUADO
6618,7499,PENDIENTE
6619,4627,VENCIDO
6620,3179,EVALUADO
6621,5676,SUBSANADO
6622,6837,EVALUADO
6623,2578,APROBADO
6624,4903,DESESTIMADO
6625,8209,VENCIDO
6626,2806,SUBSANADO
6627,4804,SUBSANADO
6628,9102,PENDIENTE
6629,3096,APROBADO
6630,3888,DESESTIMADO
6631,3420,APROBADO
6632,9224,EVALUADO
6633,178,APROBADO
6634,6884,PENDIENTE
6635,7804,EVALUADO
6636,6513,APROBADO
6637,1958,SUBSANADO
6638,8234,APROBADO
6639,3272,VENCIDO
6640,77,SUBSANADO
6641,8426,SUBSANADO
6642,2647,APROBADO
6643,201,EVALUADO
6644,5636,SUBSANADO
6645,6715,SUBSANADO
6646,2198,SUBSANADO
6647,7178,DESESTIMADO
6648,9562,APROBADO
6649,3132,EVALUADO
6650,4483,EVALUADO
6651,1898,SUBSANADO
6652,1365,VENCIDO
6653,4847,VENCIDO
6654,4230,EVALUADO
6655,7102,PENDIENTE
6656,5915,EVALUADO
6657,4763,DESESTIMADO
6658,2468,PENDIENTE
6659,9260,APROBADO
6660,8878,EVALUADO
6661,7765,VENCIDO
6662,6339,DESESTIMADO
6663,426,VENCIDO
6664,9788,DESESTIMADO
6665,5157,APROBADO
6666,4837,EVALUADO
6667,4546,SUBSANADO
6668,1846,APROBADO
6669,6794,SUBSANADO
6670,6737,SUBSANADO
6671,254,VENCIDO
6672,1883,EVALUADO
6673,3851,PENDIENTE
6674,7088,APROBADO
6675,2338,VENCIDO
6676,7471,VENCIDO
6677,3022,VENCIDO
6678,6148,VENCIDO
6679,7204,PENDIENTE
6680,9101,EVALUADO
6681,3903,DESESTIMADO
6682,9048,DESESTIMADO
6683,7239,EVALUADO
6684,643,PENDIENTE
6685,3690,VENCIDO
6686,9053,DESESTIMADO
6687,9779,PENDIENTE
6688,8027,EVALUADO
6689,3767,SUBSANADO
6690,648,EVALUADO
6691,744,DESESTIMADO
6692,8994,DESESTIMADO
6693,8204,SUBSANADO
6694,1362,SUBSANADO
6695,4225,DESESTIMADO
6696,2338,PENDIENTE
6697,398,DESESTIMADO
6698,5614,APROBADO
6699,3069,VENCIDO
6700,6512,PENDIENTE
6701,6750,SUBSANADO
6702,461,EVALUADO
6703,1459,EVALUADO
6704,5076,SUBSANADO
6705,307,VENCIDO
6706,6548,DESESTIMADO
6707,6839,SUBSANADO
6708,3278,SUBSANADO
6709,7014,EVALUADO
6710,8805,VENCIDO
6711,3850,DESESTIMADO
6712,31,APROBADO
6713,9177,APROBADO
6714,6224,EVALUADO
6715,6780,SUBSANADO
6716,1183,EVALUADO
6717,5010,EVALUADO
6718,7111,APROBADO
6719,2839,SUBSANADO
6720,8236,APROBADO
6721,9764,APROBADO
6722,9949,EVALUADO
6723,572,SUBSANADO
6724,6825,SUBSANADO
6725,590,APROBADO
6726,4893,DESESTIMADO
6727,6367,VENCIDO
6728,4488,VENCIDO
6729,8416,PENDIENTE
6730,2179,DESESTIMADO
6731,4286,DESESTIMADO
6732,4483,PENDIENTE
6733,7423,SUBSANADO
6734,8329,VENCIDO
6735,4873,PENDIENTE
6736,8038,EVALUADO
6737,6017,VENCIDO
6738,7961,DESESTIMADO
6739,97,DESESTIMADO
6740,6887,SUBSANADO
6741,4971,SUBSANADO
6742,5494,DESESTIMADO
6743,5827,SUBSANADO
6744,2975,APROBADO
6745,8740,EVALUADO
6746,2233,SUBSANADO
6747,3895,SUBSANADO
6748,4030,VENCIDO
6749,3892,SUBSANADO
6750,8879,PENDIENTE
6751,1557,EVALUADO
6752,4528,VENCIDO
6753,405,DESESTIMADO
6754,5597,PENDIENTE
6755,9480,VENCIDO
6756,5177,VENCIDO
6757,7825,PENDIENTE
6758,8977,PENDIENTE
6759,9188,DESESTIMADO
6760,2943,EVALUADO
6761,6910,SUBSANADO
6762,3012,SUBSANADO
6763,7779,DESESTIMADO
6764,2294,EVALUADO
6765,6050,DESESTIMADO
6766,4693,EVALUADO
6767,6171,EVALUADO
6768,4317,EVALUADO
6769,2941,PENDIENTE
6770,8784,SUBSANADO
6771,4010,SUBSANADO
6772,8991,SUBSANADO
6773,6794,EVALUADO
6774,7954,EVALUADO
6775,2301,VENCIDO
6776,2437,PENDIENTE
6777,6329,EVALUADO
6778,8500,APROBADO
6779,9549,PENDIENTE
6780,3527,APROBADO
6781,4804,EVALUADO
6782,1433,APROBADO
6783,5038,SUBSANADO
6784,8066,PENDIENTE
6785,3830,DESESTIMADO
6786,4385,VENCIDO
6787,3042,EVALUADO
6788,6787,EVALUADO
6789,4379,EVALUADO
6790,2917,PENDIENTE
6791,5415,APROBADO
6792,798,VENCIDO
6793,8147,APROBADO
6794,7670,SUBSANADO
6795,4570,PENDIENTE
6796,3021,VENCIDO
6797,456,EVALUADO
6798,9767,DESESTIMADO
6799,1837,EVALUADO
6800,7714,DESESTIMADO
6801,1825,DESESTIMADO
6802,3553,VENCIDO
6803,1856,PENDIENTE
6804,8858,DESESTIMADO
6805,3613,DESESTIMADO
6806,8484,APROBADO
6807,5942,SUBSANADO
6808,4493,EVALUADO
6809,9189,EVALUADO
6810,2253,DESESTIMADO
6811,7534,DESESTIMADO
6812,750,DESESTIMADO
6813,720,VENCIDO
6814,5270,PENDIENTE
6815,964,EVALUADO
6816,6485,EVALUADO
6817,2413,VENCIDO
6818,2763,EVALUADO
6819,7460,EVALUADO
6820,134,PENDIENTE
6821,5632,APROBADO
6822,3177,DESESTIMADO
6823,2892,PENDIENTE
6824,9448,EVALUADO
6825,3488,VENCIDO
6826,7700,EVALUADO
6827,7328,SUBSANADO
6828,6918,PENDIENTE
6829,7005,EVALUADO
6830,2860,DESESTIMADO
6831,3447,DESESTIMADO
6832,8470,DESESTIMADO
6833,6959,EVALUADO
6834,4962,VENCIDO
6835,5009,EVALUADO
6836,4472,VENCIDO
6837,5479,EVALUADO
6838,3297,SUBSANADO
6839,2208,DESESTIMADO
6840,2020,EVALUADO
6841,714,SUBSANADO
6842,5384,EVALUADO
6843,9682,PENDIENTE
6844,7731,DESESTIMADO
6845,8369,SUBSANADO
6846,3210,EVALUADO
6847,5851,SUBSANADO
6848,1388,APROBADO
6849,5652,SUBSANADO
6850,8521,SUBSANADO
6851,3277,PENDIENTE
6852,5130,VENCIDO
6853,3784,APROBADO
6854,284,SUBSANADO
6855,7029,EVALUADO
6856,284,SUBSANADO
6857,4673,PENDIENTE
6858,512,SUBSANADO
6859,8905,VENCIDO
6860,2907,DESESTIMADO
6861,1010,SUBSANADO
6862,1994,PENDIENTE
6863,4398,PENDIENTE
6864,3585,PENDIENTE
6865,2489,SUBSANADO
6866,2350,APROBADO
6867,5165,PENDIENTE
6868,7540,EVALUADO
6869,673,PENDIENTE
6870,697,PENDIENTE
6871,4356,DESESTIMADO
6872,7379,SUBSANADO
6873,3809,EVALUADO
6874,1711,PENDIENTE
6875,7773,VENCIDO
6876,3350,PENDIENTE
6877,5839,PENDIENTE
6878,55,DESESTIMADO
6879,9865,SUBSANADO
6880,364,EVALUADO
6881,6643,APROBADO
6882,5386,DESESTIMADO
6883,1896,EVALUADO
6884,3070,SUBSANADO
6885,6207,VENCIDO
6886,9698,SUBSANADO
6887,7772,PENDIENTE
6888,2414,PENDIENTE
6889,2727,DESESTIMADO
6890,6877,EVALUADO
6891,7844,DESESTIMADO
6892,5980,VENCIDO
6893,4943,DESESTIMADO
6894,3995,PENDIENTE
6895,3202,EVALUADO
6896,8272,SUBSANADO
6897,7254,APROBADO
6898,2178,VENCIDO
6899,7329,SUBSANADO
6900,923,APROBADO
6901,3420,PENDIENTE
6902,8736,PENDIENTE
6903,5044,PENDIENTE
6904,3118,VENCIDO
6905,7134,SUBSANADO
6906,4386,PENDIENTE
6907,1327,PENDIENTE
6908,6977,PENDIENTE
6909,3455,DESESTIMADO
6910,7093,EVALUADO
6911,6146,EVALUADO
6912,9376,SUBSANADO
6913,226,SUBSANADO
6914,8384,PENDIENTE
6915,2797,VENCIDO
6916,8817,PENDIENTE
6917,6977,DESESTIMADO
6918,9403,APROBADO
6919,3276,SUBSANADO
6920,9391,APROBADO
6921,9699,EVALUADO
6922,3055,VENCIDO
6923,5953,APROBADO
6924,9855,DESESTIMADO
6925,5354,EVALUADO
6926,5054,VENCIDO
6927,9352,PENDIENTE
6928,9780,PENDIENTE
6929,9331,SUBSANADO
6930,7210,EVALUADO
6931,5194,APROBADO
6932,7607,DESESTIMADO
6933,1402,DESESTIMADO
6934,1629,DESESTIMADO
6935,2090,PENDIENTE
6936,2339,DESESTIMADO
6937,530,VENCIDO
6938,9865,VENCIDO
6939,3669,DESESTIMADO
6940,3234,SUBSANADO
6941,7862,VENCIDO
6942,9055,DESESTIMADO
6943,6755,APROBADO
6944,3966,EVALUADO
6945,540,PENDIENTE
6946,3076,DESESTIMADO
6947,3458,VENCIDO
6948,4214,SUBSANADO
6949,4824,PENDIENTE
6950,1864,VENCIDO
6951,796,PENDIENTE
6952,9028,APROBADO
6953,4461,APROBADO
6954,7369,APROBADO
6955,939,VENCIDO
6956,7426,DESESTIMADO
6957,1809,SUBSANADO
6958,474,APROBADO
6959,533,DESESTIMADO
6960,6352,PENDIENTE
6961,1661,EVALUADO
6962,1782,VENCIDO
6963,7914,PENDIENTE
6964,9034,DESESTIMADO
6965,2188,VENCIDO
6966,6222,PENDIENTE
6967,91,DESESTIMADO
6968,1097,SUBSANADO
6969,4994,DESESTIMADO
6970,3693,PENDIENTE
6971,2928,APROBADO
6972,2620,DESESTIMADO
6973,3215,VENCIDO
6974,7226,EVALUADO
6975,5170,DESESTIMADO
6976,8909,EVALUADO
6977,8916,DESESTIMADO
6978,6893,VENCIDO
6979,773,VENCIDO
6980,899,PENDIENTE
6981,184,DESESTIMADO
6982,9005,DESESTIMADO
6983,4624,VENCIDO
6984,5239,DESESTIMADO
6985,1553,EVALUADO
6986,612,SUBSANADO
6987,4772,SUBSANADO
6988,1316,SUBSANADO
6989,3973,EVALUADO
6990,4724,PENDIENTE
6991,3124,EVALUADO
6992,5699,EVALUADO
6993,9777,SUBSANADO
6994,4150,EVALUADO
6995,8869,EVALUADO
6996,9218,DESESTIMADO
6997,9062,SUBSANADO
6998,8282,SUBSANADO
6999,5658,SUBSANADO
7000,3441,SUBSANADO
7001,5377,SUBSANADO
7002,6070,PENDIENTE
7003,7024,VENCIDO
7004,9845,VENCIDO
7005,8421,APROBADO
7006,9214,EVALUADO
7007,9369,SUBSANADO
7008,4987,VENCIDO
7009,9012,EVALUADO
7010,8146,PENDIENTE
7011,8722,APROBADO
7012,5441,PENDIENTE
7013,194,DESESTIMADO
7014,6968,APROBADO
7015,6388,APROBADO
7016,6700,SUBSANADO
7017,9624,EVALUADO
7018,4050,DESESTIMADO
7019,2781,VENCIDO
7020,9728,PENDIENTE
7021,3455,SUBSANADO
7022,5986,SUBSANADO
7023,5143,SUBSANADO
7024,5688,APROBADO
7025,5012,PENDIENTE
7026,3105,DESESTIMADO
7027,5111,APROBADO
7028,8853,PENDIENTE
7029,9833,EVALUADO
7030,9787,EVALUADO
7031,3125,SUBSANADO
7032,7732,EVALUADO
7033,7486,EVALUADO
7034,7748,APROBADO
7035,258,SUBSANADO
7036,4698,VENCIDO
7037,2457,EVALUADO
7038,5942,DESESTIMADO
7039,812,DESESTIMADO
7040,9801,VENCIDO
7041,3251,PENDIENTE
7042,2691,PENDIENTE
7043,1663,PENDIENTE
7044,7632,DESESTIMADO
7045,3933,APROBADO
7046,3187,APROBADO
7047,454,EVALUADO
7048,7981,APROBADO
7049,5430,VENCIDO
7050,8180,PENDIENTE
7051,5077,VENCIDO
7052,8235,DESESTIMADO
7053,2550,PENDIENTE
7054,294,APROBADO
7055,4533,APROBADO
7056,9990,DESESTIMADO
7057,5451,SUBSANADO
7058,3917,SUBSANADO
7059,6387,PENDIENTE
7060,1736,EVALUADO
7061,6234,PENDIENTE
7062,6062,SUBSANADO
7063,812,SUBSANADO
7064,4768,APROBADO
7065,9896,EVALUADO
7066,5897,APROBADO
7067,5960,SUBSANADO
7068,7204,EVALUADO
7069,1256,SUBSANADO
7070,9345,EVALUADO
7071,8853,VENCIDO
7072,7952,EVALUADO
7073,131,DESESTIMADO
7074,9306,SUBSANADO
7075,9759,SUBSANADO
7076,5323,SUBSANADO
7077,1820,APROBADO
7078,1535,EVALUADO
7079,9465,SUBSANADO
7080,8287,APROBADO
7081,2485,PENDIENTE
7082,9884,SUBSANADO
7083,9273,PENDIENTE
7084,553,PENDIENTE
7085,2394,EVALUADO
7086,6257,VENCIDO
7087,9139,PENDIENTE
7088,5043,EVALUADO
7089,3113,EVALUADO
7090,4346,VENCIDO
7091,3400,EVALUADO
7092,3986,APROBADO
7093,5975,APROBADO
7094,8897,APROBADO
7095,9662,PENDIENTE
7096,3678,DESESTIMADO
7097,4392,DESESTIMADO
7098,9192,SUBSANADO
7099,7748,SUBSANADO
7100,3175,DESESTIMADO
7101,165,DESESTIMADO
7102,4699,SUBSANADO
7103,7051,EVALUADO
7104,6688,DESESTIMADO
7105,9554,EVALUADO
7106,652,DESESTIMADO
7107,5525,DESESTIMADO
7108,3145,SUBSANADO
7109,9264,PENDIENTE
7110,8647,VENCIDO
7111,1374,SUBSANADO
7112,1268,SUBSANADO
7113,357,SUBSANADO
7114,1455,APROBADO
7115,5721,APROBADO
7116,1552,PENDIENTE
7117,6097,APROBADO
7118,1103,VENCIDO
7119,8981,APROBADO
7120,9307,EVALUADO
7121,6546,PENDIENTE
7122,1451,PENDIENTE
7123,4387,EVALUADO
7124,9474,PENDIENTE
7125,2709,DESESTIMADO
7126,1956,VENCIDO
7127,9905,APROBADO
7128,1948,PENDIENTE
7129,9575,APROBADO
7130,5769,VENCIDO
7131,1137,VENCIDO
7132,3274,VENCIDO
7133,4048,EVALUADO
7134,3079,SUBSANADO
7135,5286,SUBSANADO
7136,5382,VENCIDO
7137,5829,DESESTIMADO
7138,3162,EVALUADO
7139,8328,SUBSANADO
7140,9241,SUBSANADO
7141,4159,DESESTIMADO
7142,4501,SUBSANADO
7143,8012,EVALUADO
7144,3379,EVALUADO
7145,8,APROBADO
7146,9800,APROBADO
7147,2898,PENDIENTE
7148,9529,SUBSANADO
7149,8492,DESESTIMADO
7150,2367,VENCIDO
7151,8526,APROBADO
7152,6752,DESESTIMADO
7153,6887,PENDIENTE
7154,476,SUBSANADO
7155,1948,APROBADO
7156,2968,SUBSANADO
7157,7603,VENCIDO
7158,6833,EVALUADO
7159,5340,SUBSANADO
7160,7536,PENDIENTE
7161,4441,EVALUADO
7162,657,SUBSANADO
7163,2926,VENCIDO
7164,8776,SUBSANADO
7165,9834,VENCIDO
7166,307,PENDIENTE
7167,392,EVALUADO
7168,4628,APROBADO
7169,298,EVALUADO
7170,3164,APROBADO
7171,7876,EVALUADO
7172,1666,EVALUADO
7173,9743,APROBADO
7174,6658,EVALUADO
7175,8395,PENDIENTE
7176,1025,DESESTIMADO
7177,2002,SUBSANADO
7178,9863,DESESTIMADO
7179,5009,APROBADO
7180,8430,PENDIENTE
7181,3057,VENCIDO
7182,1473,SUBSANADO
7183,9572,DESESTIMADO
7184,6307,SUBSANADO
7185,2818,APROBADO
7186,7257,VENCIDO
7187,2505,EVALUADO
7188,2553,DESESTIMADO
7189,8871,PENDIENTE
7190,8202,SUBSANADO
7191,601,EVALUADO
7192,3970,APROBADO
7193,3219,PENDIENTE
7194,7554,APROBADO
7195,9205,APROBADO
7196,2757,SUBSANADO
7197,1035,PENDIENTE
7198,8637,VENCIDO
7199,8483,APROBADO
7200,5848,DESESTIMADO
7201,5978,PENDIENTE
7202,8957,DESESTIMADO
7203,2053,EVALUADO
7204,1027,SUBSANADO
7205,8843,EVALUADO
7206,9168,EVALUADO
7207,1683,APROBADO
7208,7985,SUBSANADO
7209,8758,EVALUADO
7210,6012,VENCIDO
7211,5932,APROBADO
7212,3423,VENCIDO
7213,799,PENDIENTE
7214,1063,SUBSANADO
7215,2468,EVALUADO
7216,6107,DESESTIMADO
7217,465,PENDIENTE
7218,2535,VENCIDO
7219,2032,SUBSANADO
7220,64,PENDIENTE
7221,2633,EVALUADO
7222,9381,APROBADO
7223,6596,APROBADO
7224,7810,VENCIDO
7225,9008,APROBADO
7226,9265,VENCIDO
7227,175,SUBSANADO
7228,8895,SUBSANADO
7229,6295,APROBADO
7230,205,VENCIDO
7231,3583,APROBADO
7232,9728,DESESTIMADO
7233,7412,DESESTIMADO
7234,4109,EVALUADO
7235,9881,EVALUADO
7236,1231,VENCIDO
7237,4884,SUBSANADO
7238,9520,PENDIENTE
7239,9044,DESESTIMADO
7240,4011,APROBADO
7241,4702,VENCIDO
7242,8589,PENDIENTE
7243,7310,EVALUADO
7244,2984,VENCIDO
7245,1908,DESESTIMADO
7246,1688,DESESTIMADO
7247,454,PENDIENTE
7248,5634,PENDIENTE
7249,6406,SUBSANADO
7250,7355,PENDIENTE
7251,4379,DESESTIMADO
7252,6010,SUBSANADO
7253,3753,PENDIENTE
7254,8977,EVALUADO
7255,7100,SUBSANADO
7256,7243,SUBSANADO
7257,4125,APROBADO
7258,2760,VENCIDO
7259,6713,DESESTIMADO
7260,4959,SUBSANADO
7261,7888,SUBSANADO
7262,5880,SUBSANADO
7263,3804,APROBADO
7264,1657,APROBADO
7265,7226,PENDIENTE
7266,554,DESESTIMADO
7267,5944,DESESTIMADO
7268,6416,SUBSANADO
7269,7620,PENDIENTE
7270,4181,VENCIDO
7271,6382,SUBSANADO
7272,2218,APROBADO
7273,5615,EVALUADO
7274,7472,APROBADO
7275,4227,VENCIDO
7276,246,APROBADO
7277,9036,SUBSANADO
7278,1487,PENDIENTE
7279,4607,VENCIDO
7280,5322,VENCIDO
7281,4528,VENCIDO
7282,1616,VENCIDO
7283,5069,APROBADO
7284,5122,APROBADO
7285,3941,EVALUADO
7286,6857,PENDIENTE
7287,6541,APROBADO
7288,4368,SUBSANADO
7289,2344,EVALUADO
7290,9088,DESESTIMADO
7291,7401,EVALUADO
7292,4174,VENCIDO
7293,4884,SUBSANADO
7294,83,APROBADO
7295,1664,EVALUADO
7296,1884,SUBSANADO
7297,6135,PENDIENTE
7298,5493,VENCIDO
7299,7737,EVALUADO
7300,1247,APROBADO
7301,4549,VENCIDO
7302,3744,DESESTIMADO
7303,6803,PENDIENTE
7304,6723,APROBADO
7305,8047,PENDIENTE
7306,3281,SUBSANADO
7307,8610,SUBSANADO
7308,7523,PENDIENTE
7309,5493,DESESTIMADO
7310,5301,DESESTIMADO
7311,4844,SUBSANADO
7312,516,EVALUADO
7313,8187,SUBSANADO
7314,3285,APROBADO
7315,5901,EVALUADO
7316,5670,VENCIDO
7317,29,PENDIENTE
7318,1589,VENCIDO
7319,4708,APROBADO
7320,4287,VENCIDO
7321,2294,SUBSANADO
7322,3958,DESESTIMADO
7323,3884,SUBSANADO
7324,3796,PENDIENTE
7325,9099,EVALUADO
7326,1104,SUBSANADO
7327,6742,PENDIENTE
7328,8844,DESESTIMADO
7329,6675,VENCIDO
7330,7236,EVALUADO
7331,5382,VENCIDO
7332,4337,VENCIDO
7333,6298,PENDIENTE
7334,3762,DESESTIMADO
7335,5192,SUBSANADO
7336,5565,PENDIENTE
7337,8520,EVALUADO
7338,528,VENCIDO
7339,9365,SUBSANADO
7340,8230,DESESTIMADO
7341,6186,DESESTIMADO
7342,4630,APROBADO
7343,8707,PENDIENTE
7344,4696,EVALUADO
7345,3781,PENDIENTE
7346,7495,SUBSANADO
7347,7145,PENDIENTE
7348,8194,SUBSANADO
7349,4558,SUBSANADO
7350,1865,APROBADO
7351,1916,EVALUADO
7352,5203,APROBADO
7353,7290,VENCIDO
7354,586,SUBSANADO
7355,6141,PENDIENTE
7356,9395,APROBADO
7357,9534,VENCIDO
7358,9826,SUBSANADO
7359,9920,VENCIDO
7360,6990,APROBADO
7361,9072,VENCIDO
7362,3665,PENDIENTE
7363,5734,SUBSANADO
7364,5494,VENCIDO
7365,8542,DESESTIMADO
7366,8187,APROBADO
7367,6643,PENDIENTE
7368,8523,EVALUADO
7369,5330,DESESTIMADO
7370,4461,SUBSANADO
7371,8931,SUBSANADO
7372,2424,PENDIENTE
7373,6451,PENDIENTE
7374,2285,DESESTIMADO
7375,3293,DESESTIMADO
7376,4346,EVALUADO
7377,9921,SUBSANADO
7378,8418,EVALUADO
7379,2843,PENDIENTE
7380,9437,DESESTIMADO
7381,9737,DESESTIMADO
7382,1007,PENDIENTE
7383,3905,SUBSANADO
7384,9850,SUBSANADO
7385,370,EVALUADO
7386,1989,PENDIENTE
7387,5011,APROBADO
7388,8428,APROBADO
7389,59,VENCIDO
7390,580,PENDIENTE
7391,6361,EVALUADO
7392,953,PENDIENTE
7393,8678,SUBSANADO
7394,4948,SUBSANADO
7395,6004,APROBADO
7396,8202,SUBSANADO
7397,9403,APROBADO
7398,132,VENCIDO
7399,4026,SUBSANADO
7400,3481,VENCIDO
7401,2593,DESESTIMADO
7402,3663,DESESTIMADO
7403,5931,APROBADO
7404,8793,PENDIENTE
7405,2660,DESESTIMADO
7406,3579,EVALUADO
7407,6510,EVALUADO
7408,7514,PENDIENTE
7409,8443,EVALUADO
7410,2075,EVALUADO
7411,2070,APROBADO
7412,674,SUBSANADO
7413,4591,VENCIDO
7414,2315,PENDIENTE
7415,1358,SUBSANADO
7416,4753,PENDIENTE
7417,9496,VENCIDO
7418,2940,APROBADO
7419,3580,APROBADO
7420,6809,SUBSANADO
7421,8799,APROBADO
7422,9958,PENDIENTE
7423,1664,PENDIENTE
7424,2919,SUBSANADO
7425,1808,EVALUADO
7426,5992,SUBSANADO
7427,581,SUBSANADO
7428,8716,SUBSANADO
7429,2337,EVALUADO
7430,864,APROBADO
7431,4561,SUBSANADO
7432,828,EVALUADO
7433,9388,PENDIENTE
7434,3392,VENCIDO
7435,3582,EVALUADO
7436,4109,DESESTIMADO
7437,1488,DESESTIMADO
7438,4350,APROBADO
7439,9004,APROBADO
7440,3885,SUBSANADO
7441,1594,DESESTIMADO
7442,5481,SUBSANADO
7443,8579,PENDIENTE
7444,844,VENCIDO
7445,4765,SUBSANADO
7446,9109,APROBADO
7447,5510,VENCIDO
7448,6258,APROBADO
7449,2583,SUBSANADO
7450,9373,APROBADO
7451,6845,PENDIENTE
7452,4280,EVALUADO
7453,264,EVALUADO
7454,4840,PENDIENTE
7455,769,VENCIDO
7456,1545,EVALUADO
7457,3371,VENCIDO
7458,4063,VENCIDO
7459,4019,VENCIDO
7460,3138,DESESTIMADO
7461,1628,DESESTIMADO
7462,1568,APROBADO
7463,7017,EVALUADO
7464,2717,APROBADO
7465,3710,DESESTIMADO
7466,800,PENDIENTE
7467,6265,DESESTIMADO
7468,8637,APROBADO
7469,8329,APROBADO
7470,5001,DESESTIMADO
7471,9425,APROBADO
7472,2755,SUBSANADO
7473,5723,PENDIENTE
7474,1365,VENCIDO
7475,2051,DESESTIMADO
7476,5295,DESESTIMADO
7477,3912,SUBSANADO
7478,2116,PENDIENTE
7479,2505,SUBSANADO
7480,7106,EVALUADO
7481,2984,APROBADO
7482,31,SUBSANADO
7483,125,PENDIENTE
7484,9280,APROBADO
7485,991,APROBADO
7486,7229,PENDIENTE
7487,4413,EVALUADO
7488,6080,DESESTIMADO
7489,2813,SUBSANADO
7490,1178,VENCIDO
7491,6656,PENDIENTE
7492,4681,APROBADO
7493,6484,PENDIENTE
7494,3323,EVALUADO
7495,9607,PENDIENTE
7496,3864,SUBSANADO
7497,787,SUBSANADO
7498,4,APROBADO
7499,9085,DESESTIMADO
7500,3486,SUBSANADO
7501,7670,PENDIENTE
7502,1687,DESESTIMADO
7503,6435,VENCIDO
7504,9681,APROBADO
7505,3990,APROBADO
7506,961,SUBSANADO
7507,9045,EVALUADO
7508,4263,DESESTIMADO
7509,7498,PENDIENTE
7510,2572,SUBSANADO
7511,1966,DESESTIMADO
7512,8008,APROBADO
7513,463,DESESTIMADO
7514,5088,EVALUADO
7515,1525,APROBADO
7516,4212,VENCIDO
7517,8745,EVALUADO
7518,3388,PENDIENTE
7519,4912,EVALUADO
7520,4414,PENDIENTE
7521,24,VENCIDO
7522,5615,APROBADO
7523,8140,APROBADO
7524,5772,SUBSANADO
7525,2679,DESESTIMADO
7526,1966,PENDIENTE
7527,6675,VENCIDO
7528,6515,VENCIDO
7529,2156,PENDIENTE
7530,200,SUBSANADO
7531,5391,VENCIDO
7532,369,APROBADO
7533,2504,PENDIENTE
7534,2568,SUBSANADO
7535,7550,EVALUADO
7536,8607,DESESTIMADO
7537,9216,SUBSANADO
7538,6155,APROBADO
7539,7886,APROBADO
7540,7770,DESESTIMADO
7541,5935,PENDIENTE
7542,877,APROBADO
7543,3923,DESESTIMADO
7544,9591,APROBADO
7545,7994,DESESTIMADO
7546,360,PENDIENTE
7547,3493,EVALUADO
7548,8379,PENDIENTE
7549,8483,DESESTIMADO
7550,6656,EVALUADO
7551,4514,DESESTIMADO
7552,9844,EVALUADO
7553,7364,EVALUADO
7554,27,DESESTIMADO
7555,879,EVALUADO
7556,3114,APROBADO
7557,2936,APROBADO
7558,7302,APROBADO
7559,6734,APROBADO
7560,6539,EVALUADO
7561,1889,DESESTIMADO
7562,5792,VENCIDO
7563,7821,EVALUADO
7564,5883,EVALUADO
7565,4672,VENCIDO
7566,4120,SUBSANADO
7567,9417,PENDIENTE
7568,1200,EVALUADO
7569,2319,DESESTIMADO
7570,6221,SUBSANADO
7571,9181,APROBADO
7572,2625,PENDIENTE
7573,7590,DESESTIMADO
7574,7749,SUBSANADO
7575,3021,EVALUADO
7576,9811,VENCIDO
7577,2142,DESESTIMADO
7578,294,APROBADO
7579,7008,DESESTIMADO
7580,6785,VENCIDO
7581,60,DESESTIMADO
7582,7482,PENDIENTE
7583,135,VENCIDO
7584,6386,EVALUADO
7585,4034,EVALUADO
7586,7488,APROBADO
7587,8051,DESESTIMADO
7588,2554,EVALUADO
7589,6899,VENCIDO
7590,2242,APROBADO
7591,5496,SUBSANADO
7592,5333,DESESTIMADO
7593,2582,VENCIDO
7594,232,EVALUADO
7595,3303,APROBADO
7596,4226,EVALUADO
7597,8630,VENCIDO
7598,1494,PENDIENTE
7599,628,PENDIENTE
7600,7163,VENCIDO
7601,7203,EVALUADO
7602,8702,DESESTIMADO
7603,1763,VENCIDO
7604,3309,EVALUADO
7605,1403,EVALUADO
7606,3739,VENCIDO
7607,6188,EVALUADO
7608,710,SUBSANADO
7609,5105,APROBADO
7610,4053,EVALUADO
7611,4104,SUBSANADO
7612,8667,VENCIDO
7613,8411,APROBADO
7614,3244,VENCIDO
7615,8926,VENCIDO
7616,7074,APROBADO
7617,1644,VENCIDO
7618,745,APROBADO
7619,4130,DESESTIMADO
7620,8547,SUBSANADO
7621,6683,EVALUADO
7622,6342,PENDIENTE
7623,7893,VENCIDO
7624,7686,APROBADO
7625,1478,SUBSANADO
7626,2871,EVALUADO
7627,1485,EVALUADO
7628,7590,SUBSANADO
7629,1178,VENCIDO
7630,7671,SUBSANADO
7631,7066,EVALUADO
7632,5279,EVALUADO
7633,9247,DESESTIMADO
7634,4373,APROBADO
7635,6989,SUBSANADO
7636,753,EVALUADO
7637,1277,EVALUADO
7638,4346,DESESTIMADO
7639,4436,APROBADO
7640,5463,APROBADO
7641,2599,DESESTIMADO
7642,2133,DESESTIMADO
7643,9481,SUBSANADO
7644,594,DESESTIMADO
7645,6404,VENCIDO
7646,7225,APROBADO
7647,4887,APROBADO
7648,4857,APROBADO
7649,854,VENCIDO
7650,6536,EVALUADO
7651,8511,VENCIDO
7652,7567,SUBSANADO
7653,3250,SUBSANADO
7654,5435,VENCIDO
7655,7245,EVALUADO
7656,8163,EVALUADO
7657,6949,DESESTIMADO
7658,2720,DESESTIMADO
7659,5248,EVALUADO
7660,1013,VENCIDO
7661,2871,APROBADO
7662,453,APROBADO
7663,17,VENCIDO
7664,8163,APROBADO
7665,5537,EVALUADO
7666,5505,APROBADO
7667,9317,VENCIDO
7668,4968,PENDIENTE
7669,2372,PENDIENTE
7670,4991,EVALUADO
7671,4392,VENCIDO
7672,7229,PENDIENTE
7673,8169,PENDIENTE
7674,2693,PENDIENTE
7675,6050,EVALUADO
7676,1870,APROBADO
7677,4070,PENDIENTE
7678,9560,PENDIENTE
7679,8657,DESESTIMADO
7680,6089,DESESTIMADO
7681,48,SUBSANADO
7682,1161,APROBADO
7683,6939,DESESTIMADO
7684,5484,EVALUADO
7685,7669,SUBSANADO
7686,2419,EVALUADO
7687,9705,SUBSANADO
7688,1713,EVALUADO
7689,5440,SUBSANADO
7690,9827,DESESTIMADO
7691,228,APROBADO
7692,6525,APROBADO
7693,6088,PENDIENTE
7694,1315,EVALUADO
7695,2486,EVALUADO
7696,3607,PENDIENTE
7697,153,VENCIDO
7698,8788,VENCIDO
7699,4217,DESESTIMADO
7700,9886,APROBADO
7701,5814,SUBSANADO
7702,2752,SUBSANADO
7703,2927,EVALUADO
7704,2145,SUBSANADO
7705,859,APROBADO
7706,6110,PENDIENTE
7707,1687,DESESTIMADO
7708,1927,SUBSANADO
7709,9788,DESESTIMADO
7710,8263,APROBADO
7711,4533,PENDIENTE
7712,1777,APROBADO
7713,5904,EVALUADO
7714,945,APROBADO
7715,964,APROBADO
7716,274,VENCIDO
7717,467,SUBSANADO
7718,6040,DESESTIMADO
7719,8453,SUBSANADO
7720,4471,VENCIDO
7721,126,APROBADO
7722,6141,DESESTIMADO
7723,2532,EVALUADO
7724,752,VENCIDO
7725,4865,DESESTIMADO
7726,570,PENDIENTE
7727,1711,SUBSANADO
7728,2287,DESESTIMADO
7729,4897,SUBSANADO
7730,4797,SUBSANADO
7731,1956,VENCIDO
7732,6925,SUBSANADO
7733,4157,EVALUADO
7734,5019,EVALUADO
7735,3340,VENCIDO
7736,2171,APROBADO
7737,3483,DESESTIMADO
7738,8846,EVALUADO
7739,2340,APROBADO
7740,158,VENCIDO
7741,8987,APROBADO
7742,9788,DESESTIMADO
7743,2391,PENDIENTE
7744,6530,SUBSANADO
7745,8561,VENCIDO
7746,1705,SUBSANADO
7747,4085,VENCIDO
7748,1294,PENDIENTE
7749,9077,VENCIDO
7750,8563,APROBADO
7751,3598,PENDIENTE
7752,6267,APROBADO
7753,2040,VENCIDO
7754,8178,VENCIDO
7755,9707,APROBADO
7756,4831,SUBSANADO
7757,8216,APROBADO
7758,929,VENCIDO
7759,1819,DESESTIMADO
7760,6208,EVALUADO
7761,7020,DESESTIMADO
7762,42,DESESTIMADO
7763,9421,VENCIDO
7764,4442,PENDIENTE
7765,5280,SUBSANADO
7766,5539,SUBSANADO
7767,2002,EVALUADO
7768,8733,VENCIDO
7769,9153,DESESTIMADO
7770,6883,DESESTIMADO
7771,4939,EVALUADO
7772,5196,APROBADO
7773,6386,SUBSANADO
7774,6003,SUBSANADO
7775,9512,APROBADO
7776,1817,EVALUADO
7777,6776,SUBSANADO
7778,3083,SUBSANADO
7779,1851,VENCIDO
7780,3245,APROBADO
7781,6807,PENDIENTE
7782,1276,APROBADO
7783,9900,SUBSANADO
7784,3169,APROBADO
7785,9378,DESESTIMADO
7786,5694,PENDIENTE
7787,2678,VENCIDO
7788,5161,DESESTIMADO
7789,6308,PENDIENTE
7790,862,APROBADO
7791,3876,EVALUADO
7792,2099,EVALUADO
7793,3371,EVALUADO
7794,221,APROBADO
7795,5352,PENDIENTE
7796,9854,SUBSANADO
7797,397,PENDIENTE
7798,4266,APROBADO
7799,3193,DESESTIMADO
7800,6847,APROBADO
7801,1196,PENDIENTE
7802,3183,EVALUADO
7803,7943,EVALUADO
7804,8659,APROBADO
7805,3685,DESESTIMADO
7806,5509,DESESTIMADO
7807,1616,EVALUADO
7808,2276,PENDIENTE
7809,3971,APROBADO
7810,5144,VENCIDO
7811,7396,DESESTIMADO
7812,5987,APROBADO
7813,9880,PENDIENTE
7814,3417,PENDIENTE
7815,2999,EVALUADO
7816,5909,EVALUADO
7817,2730,SUBSANADO
7818,9407,APROBADO
7819,4916,SUBSANADO
7820,7647,PENDIENTE
7821,990,APROBADO
7822,2775,APROBADO
7823,4438,PENDIENTE
7824,1430,APROBADO
7825,1375,DESESTIMADO
7826,637,SUBSANADO
7827,9148,VENCIDO
7828,939,PENDIENTE
7829,9457,SUBSANADO
7830,3134,SUBSANADO
7831,8639,VENCIDO
7832,2548,SUBSANADO
7833,9507,APROBADO
7834,7922,DESESTIMADO
7835,8393,VENCIDO
7836,766,DESESTIMADO
7837,8392,VENCIDO
7838,8479,SUBSANADO
7839,5424,DESESTIMADO
7840,1467,SUBSANADO
7841,132,APROBADO
7842,1665,EVALUADO
7843,4535,EVALUADO
7844,6105,SUBSANADO
7845,1234,PENDIENTE
7846,2696,SUBSANADO
7847,6516,SUBSANADO
7848,4091,DESESTIMADO
7849,8338,DESESTIMADO
7850,1084,PENDIENTE
7851,7527,SUBSANADO
7852,8714,APROBADO
7853,2924,DESESTIMADO
7854,6192,EVALUADO
7855,6398,VENCIDO
7856,7428,SUBSANADO
7857,3947,SUBSANADO
7858,4844,PENDIENTE
7859,3800,DESESTIMADO
7860,8767,APROBADO
7861,833,DESESTIMADO
7862,4223,DESESTIMADO
7863,4905,VENCIDO
7864,1544,DESESTIMADO
7865,2874,PENDIENTE
7866,1142,APROBADO
7867,2792,APROBADO
7868,9211,DESESTIMADO
7869,9322,APROBADO
7870,4193,DESESTIMADO
7871,5367,VENCIDO
7872,3389,DESESTIMADO
7873,3283,PENDIENTE
7874,367,APROBADO
7875,179,DESESTIMADO
7876,2905,SUBSANADO
7877,6565,SUBSANADO
7878,459,VENCIDO
7879,9198,EVALUADO
7880,1387,PENDIENTE
7881,9236,EVALUADO
7882,4702,SUBSANADO
7883,1347,APROBADO
7884,9894,EVALUADO
7885,7915,VENCIDO
7886,4093,VENCIDO
7887,6511,APROBADO
7888,1276,EVALUADO
7889,867,DESESTIMADO
7890,843,SUBSANADO
7891,7145,EVALUADO
7892,7565,PENDIENTE
7893,8334,EVALUADO
7894,1398,APROBADO
7895,3269,EVALUADO
7896,97,DESESTIMADO
7897,5254,DESESTIMADO
7898,1423,SUBSANADO
7899,8186,SUBSANADO
7900,4387,VENCIDO
7901,9305,VENCIDO
7902,7328,APROBADO
7903,9128,APROBADO
7904,4607,VENCIDO
7905,2703,EVALUADO
7906,6485,SUBSANADO
7907,5364,EVALUADO
7908,8167,SUBSANADO
7909,6229,APROBADO
7910,7640,APROBADO
7911,5385,EVALUADO
7912,9232,SUBSANADO
7913,2764,APROBADO
7914,4538,APROBADO
7915,3773,APROBADO
7916,7243,EVALUADO
7917,7411,VENCIDO
7918,2610,DESESTIMADO
7919,9453,SUBSANADO
7920,7354,DESESTIMADO
7921,3117,EVALUADO
7922,7968,APROBADO
7923,4825,SUBSANADO
7924,6448,EVALUADO
7925,5345,VENCIDO
7926,651,SUBSANADO
7927,4061,SUBSANADO
7928,7101,DESESTIMADO
7929,5270,VENCIDO
7930,8035,PENDIENTE
7931,8821,SUBSANADO
7932,5132,APROBADO
7933,1723,EVALUADO
7934,5124,VENCIDO
7935,1184,APROBADO
7936,2367,APROBADO
7937,7040,VENCIDO
7938,6053,PENDIENTE
7939,5492,APROBADO
7940,5950,EVALUADO
7941,5099,SUBSANADO
7942,3668,EVALUADO
7943,6668,SUBSANADO
7944,9388,PENDIENTE
7945,6937,SUBSANADO
7946,884,SUBSANADO
7947,3911,EVALUADO
7948,12,SUBSANADO
7949,6395,DESESTIMADO
7950,1152,APROBADO
7951,6838,EVALUADO
7952,8859,APROBADO
7953,9213,SUBSANADO
7954,8474,DESESTIMADO
7955,4865,PENDIENTE
7956,9878,VENCIDO
7957,712,EVALUADO
7958,2649,VENCIDO
7959,4213,SUBSANADO
7960,7311,DESESTIMADO
7961,9466,VENCIDO
7962,5327,PENDIENTE
7963,4208,PENDIENTE
7964,6840,PENDIENTE
7965,6919,VENCIDO
7966,2947,VENCIDO
7967,5755,VENCIDO
7968,6340,DESESTIMADO
7969,7833,PENDIENTE
7970,6671,SUBSANADO
7971,4630,SUBSANADO
7972,6465,VENCIDO
7973,9444,APROBADO
7974,8589,SUBSANADO
7975,4579,DESESTIMADO
7976,8714,SUBSANADO
7977,3512,VENCIDO
7978,558,VENCIDO
7979,8714,DESESTIMADO
7980,1971,PENDIENTE
7981,8891,EVALUADO
7982,9549,EVALUADO
7983,7439,VENCIDO
7984,9170,EVALUADO
7985,3009,EVALUADO
7986,9145,PENDIENTE
7987,2416,EVALUADO
7988,6884,EVALUADO
7989,8497,VENCIDO
7990,3120,EVALUADO
7991,2028,DESESTIMADO
7992,4406,DESESTIMADO
7993,3964,SUBSANADO
7994,4503,VENCIDO
7995,430,DESESTIMADO
7996,5775,SUBSANADO
7997,9358,DESESTIMADO
7998,4680,SUBSANADO
7999,6182,APROBADO
8000,393,DESESTIMADO
8001,183,VENCIDO
8002,3764,VENCIDO
8003,2604,DESESTIMADO
8004,3360,DESESTIMADO
8005,3878,DESESTIMADO
8006,737,SUBSANADO
8007,1841,VENCIDO
8008,9019,PENDIENTE
8009,6546,APROBADO
8010,553,PENDIENTE
8011,8500,SUBSANADO
8012,4710,APROBADO
8013,1626,APROBADO
8014,7469,PENDIENTE
8015,5067,SUBSANADO
8016,9948,DESESTIMADO
8017,3564,DESESTIMADO
8018,1682,PENDIENTE
8019,1255,EVALUADO
8020,3137,SUBSANADO
8021,5659,DESESTIMADO
8022,9548,APROBADO
8023,9316,EVALUADO
8024,7927,APROBADO
8025,1688,APROBADO
8026,7182,APROBADO
8027,2107,PENDIENTE
8028,3013,VENCIDO
8029,4299,EVALUADO
8030,7380,APROBADO
8031,9312,EVALUADO
8032,9326,APROBADO
8033,8889,EVALUADO
8034,4589,DESESTIMADO
8035,8943,APROBADO
8036,2147,EVALUADO
8037,3219,EVALUADO
8038,9817,DESESTIMADO
8039,3850,SUBSANADO
8040,9318,SUBSANADO
8041,5697,APROBADO
8042,3921,VENCIDO
8043,7794,EVALUADO
8044,7656,SUBSANADO
8045,8411,APROBADO
8046,280,DESESTIMADO
8047,317,DESESTIMADO
8048,6877,PENDIENTE
8049,6419,DESESTIMADO
8050,3786,PENDIENTE
8051,1940,DESESTIMADO
8052,5694,VENCIDO
8053,5276,PENDIENTE
8054,4535,VENCIDO
8055,2473,VENCIDO
8056,9748,EVALUADO
8057,1550,SUBSANADO
8058,439,DESESTIMADO
8059,7658,SUBSANADO
8060,5306,EVALUADO
8061,3377,SUBSANADO
8062,6105,VENCIDO
8063,3809,APROBADO
8064,1534,EVALUADO
8065,2741,EVALUADO
8066,2584,APROBADO
8067,4693,PENDIENTE
8068,1630,SUBSANADO
8069,2584,VENCIDO
8070,46,DESESTIMADO
8071,8569,EVALUADO
8072,641,SUBSANADO
8073,1720,EVALUADO
8074,5278,PENDIENTE
8075,961,DESESTIMADO
8076,5262,DESESTIMADO
8077,5922,PENDIENTE
8078,6553,PENDIENTE
8079,429,VENCIDO
8080,3508,SUBSANADO
8081,6123,PENDIENTE
8082,655,DESESTIMADO
8083,8784,EVALUADO
8084,4012,DESESTIMADO
8085,5676,EVALUADO
8086,3309,VENCIDO
8087,8826,SUBSANADO
8088,8942,APROBADO
8089,594,VENCIDO
8090,9579,APROBADO
8091,294,SUBSANADO
8092,7666,DESESTIMADO
8093,6633,VENCIDO
8094,2422,PENDIENTE
8095,6594,APROBADO
8096,3566,APROBADO
8097,431,VENCIDO
8098,7866,PENDIENTE
8099,5952,EVALUADO
8100,9460,EVALUADO
8101,5860,VENCIDO
8102,7163,APROBADO
8103,1972,DESESTIMADO
8104,7733,APROBADO
8105,336,SUBSANADO
8106,3493,PENDIENTE
8107,9859,VENCIDO
8108,7761,APROBADO
8109,7264,EVALUADO
8110,8249,DESESTIMADO
8111,3164,VENCIDO
8112,5308,DESESTIMADO
8113,8134,VENCIDO
8114,4130,PENDIENTE
8115,8327,PENDIENTE
8116,182,VENCIDO
8117,4007,EVALUADO
8118,4575,SUBSANADO
8119,1509,EVALUADO
8120,1921,VENCIDO
8121,393,APROBADO
8122,6405,DESESTIMADO
8123,9842,SUBSANADO
8124,9845,SUBSANADO
8125,8333,EVALUADO
8126,9857,VENCIDO
8127,1025,EVALUADO
8128,1373,DESESTIMADO
8129,4192,PENDIENTE
8130,9470,SUBSANADO
8131,3980,DESESTIMADO
8132,7318,PENDIENTE
8133,6009,APROBADO
8134,4892,PENDIENTE
8135,9267,APROBADO
8136,1504,PENDIENTE
8137,6789,VENCIDO
8138,6503,EVALUADO
8139,4671,SUBSANADO
8140,2427,SUBSANADO
8141,3715,VENCIDO
8142,1413,SUBSANADO
8143,7091,PENDIENTE
8144,3523,SUBSANADO
8145,7549,EVALUADO
8146,1886,EVALUADO
8147,8122,PENDIENTE
8148,124,APROBADO
8149,6615,APROBADO
8150,8758,VENCIDO
8151,9958,VENCIDO
8152,6647,VENCIDO
8153,8454,PENDIENTE
8154,2477,PENDIENTE
8155,5390,DESESTIMADO
8156,3068,DESESTIMADO
8157,1636,SUBSANADO
8158,9258,APROBADO
8159,9341,EVALUADO
8160,4011,PENDIENTE
8161,3400,APROBADO
8162,3231,EVALUADO
8163,2395,SUBSANADO
8164,1516,SUBSANADO
8165,256,APROBADO
8166,1736,DESESTIMADO
8167,6579,DESESTIMADO
8168,5863,VENCIDO
8169,1797,VENCIDO
8170,3796,DESESTIMADO
8171,3960,PENDIENTE
8172,6321,DESESTIMADO
8173,8070,DESESTIMADO
8174,9643,APROBADO
8175,2936,DESESTIMADO
8176,7084,APROBADO
8177,6238,EVALUADO
8178,4086,APROBADO
8179,3371,VENCIDO
8180,5840,VENCIDO
8181,3392,VENCIDO
8182,9584,EVALUADO
8183,2249,APROBADO
8184,6478,APROBADO
8185,1188,EVALUADO
8186,4323,APROBADO
8187,2755,EVALUADO
8188,9920,EVALUADO
8189,3100,VENCIDO
8190,7648,DESESTIMADO
8191,7526,EVALUADO
8192,6820,APROBADO
8193,9306,VENCIDO
8194,4532,VENCIDO
8195,1185,PENDIENTE
8196,8256,VENCIDO
8197,3406,DESESTIMADO
8198,7294,APROBADO
8199,5333,APROBADO
8200,6185,VENCIDO
8201,1240,DESESTIMADO
8202,6034,VENCIDO
8203,1952,APROBADO
8204,6218,SUBSANADO
8205,695,PENDIENTE
8206,5656,APROBADO
8207,9024,APROBADO
8208,4120,APROBADO
8209,426,EVALUADO
8210,7861,VENCIDO
8211,6172,DESESTIMADO
8212,3059,EVALUADO
8213,8854,EVALUADO
8214,2596,DESESTIMADO
8215,7120,EVALUADO
8216,5413,APROBADO
8217,2095,EVALUADO
8218,1818,EVALUADO
8219,3827,EVALUADO
8220,2995,APROBADO
8221,3932,VENCIDO
8222,7189,EVALUADO
8223,8592,VENCIDO
8224,3313,VENCIDO
8225,4047,DESESTIMADO
8226,3952,APROBADO
8227,1231,VENCIDO
8228,2203,PENDIENTE
8229,6656,VENCIDO
8230,4502,APROBADO
8231,245,APROBADO
8232,9043,EVALUADO
8233,513,EVALUADO
8234,909,PENDIENTE
8235,9984,EVALUADO
8236,8312,VENCIDO
8237,743,EVALUADO
8238,8420,VENCIDO
8239,1079,SUBSANADO
8240,7880,APROBADO
8241,8812,PENDIENTE
8242,9380,DESESTIMADO
8243,5201,DESESTIMADO
8244,1906,APROBADO
8245,9438,EVALUADO
8246,8221,PENDIENTE
8247,6909,PENDIENTE
8248,4465,VENCIDO
8249,8352,SUBSANADO
8250,1422,DESESTIMADO
8251,6749,EVALUADO
8252,3179,DESESTIMADO
8253,7536,DESESTIMADO
8254,4170,VENCIDO
8255,2806,PENDIENTE
8256,2466,DESESTIMADO
8257,3649,VENCIDO
8258,5040,DESESTIMADO
8259,4105,DESESTIMADO
8260,5928,EVALUADO
8261,9637,PENDIENTE
8262,4702,SUBSANADO
8263,3723,APROBADO
8264,3908,PENDIENTE
8265,7831,DESESTIMADO
8266,2678,APROBADO
8267,2825,SUBSANADO
8268,1634,PENDIENTE
8269,7504,EVALUADO
8270,3918,APROBADO
8271,4000,EVALUADO
8272,38,PENDIENTE
8273,8685,DESESTIMADO
8274,7532,SUBSANADO
8275,9904,SUBSANADO
8276,5223,APROBADO
8277,7048,VENCIDO
8278,4189,EVALUADO
8279,1976,SUBSANADO
8280,5354,APROBADO
8281,5319,SUBSANADO
8282,1280,APROBADO
8283,5121,PENDIENTE
8284,1523,APROBADO
8285,6712,VENCIDO
8286,6051,DESESTIMADO
8287,9676,EVALUADO
8288,6097,SUBSANADO
8289,7291,DESESTIMADO
8290,4143,PENDIENTE
8291,4613,APROBADO
8292,4322,PENDIENTE
8293,3947,APROBADO
8294,7877,SUBSANADO
8295,8618,SUBSANADO
8296,6671,DESESTIMADO
8297,9768,SUBSANADO
8298,458,APROBADO
8299,6814,PENDIENTE
8300,9461,VENCIDO
8301,7020,DESESTIMADO
8302,1861,PENDIENTE
8303,2411,SUBSANADO
8304,4764,EVALUADO
8305,5997,PENDIENTE
8306,7867,PENDIENTE
8307,7748,DESESTIMADO
8308,2229,VENCIDO
8309,4742,PENDIENTE
8310,3630,PENDIENTE
8311,292,APROBADO
8312,671,PENDIENTE
8313,613,EVALUADO
8314,7506,SUBSANADO
8315,2757,VENCIDO
8316,4138,EVALUADO
8317,4946,APROBADO
8318,7017,PENDIENTE
8319,4736,PENDIENTE
8320,7439,VENCIDO
8321,3769,APROBADO
8322,5330,PENDIENTE
8323,5340,SUBSANADO
8324,2537,VENCIDO
8325,1519,SUBSANADO
8326,4730,SUBSANADO
8327,5099,EVALUADO
8328,9629,VENCIDO
8329,7513,VENCIDO
8330,5475,SUBSANADO
8331,8537,DESESTIMADO
8332,9062,DESESTIMADO
8333,1999,VENCIDO
8334,607,SUBSANADO
8335,3387,PENDIENTE
8336,2133,SUBSANADO
8337,4229,VENCIDO
8338,7112,EVALUADO
8339,1348,VENCIDO
8340,2738,EVALUADO
8341,8953,VENCIDO
8342,3284,VENCIDO
8343,9311,EVALUADO
8344,3019,EVALUADO
8345,5549,PENDIENTE
8346,4941,EVALUADO
8347,3514,EVALUADO
8348,9755,APROBADO
8349,907,PENDIENTE
8350,9788,DESESTIMADO
8351,4140,VENCIDO
8352,988,SUBSANADO
8353,8156,DESESTIMADO
8354,5108,EVALUADO
8355,6927,DESESTIMADO
8356,3468,APROBADO
8357,9702,EVALUADO
8358,2316,APROBADO
8359,4132,APROBADO
8360,6556,SUBSANADO
8361,8716,EVALUADO
8362,9723,VENCIDO
8363,9437,PENDIENTE
8364,8428,APROBADO
8365,1764,PENDIENTE
8366,8418,DESESTIMADO
8367,1306,EVALUADO
8368,4743,SUBSANADO
8369,707,APROBADO
8370,1405,DESESTIMADO
8371,586,VENCIDO
8372,781,VENCIDO
8373,8338,SUBSANADO
8374,8343,SUBSANADO
8375,9748,PENDIENTE
8376,1225,APROBADO
8377,6101,DESESTIMADO
8378,3749,EVALUADO
8379,3641,SUBSANADO
8380,9623,PENDIENTE
8381,1032,APROBADO
8382,5822,APROBADO
8383,4514,EVALUADO
8384,1039,SUBSANADO
8385,5400,EVALUADO
8386,57,DESESTIMADO
8387,6459,PENDIENTE
8388,7687,VENCIDO
8389,3222,EVALUADO
8390,8869,APROBADO
8391,6643,APROBADO
8392,1863,APROBADO
8393,7936,APROBADO
8394,8011,SUBSANADO
8395,3048,APROBADO
8396,6163,SUBSANADO
8397,1962,EVALUADO
8398,2687,DESESTIMADO
8399,6283,PENDIENTE
8400,9884,PENDIENTE
8401,1268,VENCIDO
8402,4270,SUBSANADO
8403,2389,PENDIENTE
8404,4409,VENCIDO
8405,7226,PENDIENTE
8406,8778,EVALUADO
8407,3699,EVALUADO
8408,7022,PENDIENTE
8409,4866,DESESTIMADO
8410,6562,DESESTIMADO
8411,7584,VENCIDO
8412,3259,DESESTIMADO
8413,8553,APROBADO
8414,4546,VENCIDO
8415,6640,SUBSANADO
8416,9066,APROBADO
8417,3371,PENDIENTE
8418,9469,EVALUADO
8419,8774,EVALUADO
8420,6199,APROBADO
8421,1450,PENDIENTE
8422,3150,EVALUADO
8423,4957,DESESTIMADO
8424,8083,APROBADO
8425,9189,DESESTIMADO
8426,5315,SUBSANADO
8427,1648,EVALUADO
8428,4687,VENCIDO
8429,1693,DESESTIMADO
8430,6383,VENCIDO
8431,3742,DESESTIMADO
8432,6462,SUBSANADO
8433,1275,VENCIDO
8434,879,VENCIDO
8435,7739,PENDIENTE
8436,7341,PENDIENTE
8437,7300,DESESTIMADO
8438,7281,VENCIDO
8439,6738,SUBSANADO
8440,9263,PENDIENTE
8441,4981,PENDIENTE
8442,9620,DESESTIMADO
8443,6366,EVALUADO
8444,300,VENCIDO
8445,1569,EVALUADO
8446,1874,SUBSANADO
8447,2824,APROBADO
8448,9565,DESESTIMADO
8449,6294,DESESTIMADO
8450,4431,DESESTIMADO
8451,4811,VENCIDO
8452,6214,VENCIDO
8453,8527,EVALUADO
8454,2506,VENCIDO
8455,5581,EVALUADO
8456,4266,PENDIENTE
8457,2914,PENDIENTE
8458,4975,EVALUADO
8459,6753,EVALUADO
8460,5750,DESESTIMADO
8461,8414,EVALUADO
8462,9230,VENCIDO
8463,7680,DESESTIMADO
8464,7454,VENCIDO
8465,3252,DESESTIMADO
8466,7833,APROBADO
8467,5696,PENDIENTE
8468,3077,PENDIENTE
8469,3394,SUBSANADO
8470,6543,VENCIDO
8471,7302,VENCIDO
8472,3622,APROBADO
8473,6100,PENDIENTE
8474,3004,SUBSANADO
8475,3367,PENDIENTE
8476,4542,SUBSANADO
8477,8660,EVALUADO
8478,457,EVALUADO
8479,921,APROBADO
8480,490,EVALUADO
8481,2536,VENCIDO
8482,4462,EVALUADO
8483,7838,APROBADO
8484,2008,VENCIDO
8485,9186,SUBSANADO
8486,3210,SUBSANADO
8487,5783,SUBSANADO
8488,3281,DESESTIMADO
8489,679,APROBADO
8490,6169,APROBADO
8491,4263,VENCIDO
8492,3054,PENDIENTE
8493,5801,VENCIDO
8494,6928,DESESTIMADO
8495,6383,DESESTIMADO
8496,2452,SUBSANADO
8497,655,APROBADO
8498,7453,APROBADO
8499,1374,DESESTIMADO
8500,9102,APROBADO
8501,6973,APROBADO
8502,2069,PENDIENTE
8503,6633,SUBSANADO
8504,221,PENDIENTE
8505,6518,EVALUADO
8506,2731,EVALUADO
8507,858,SUBSANADO
8508,672,APROBADO
8509,8291,EVALUADO
8510,1519,DESESTIMADO
8511,8475,APROBADO
8512,2386,VENCIDO
8513,8996,PENDIENTE
8514,7341,PENDIENTE
8515,4136,SUBSANADO
8516,8371,PENDIENTE
8517,1008,PENDIENTE
8518,6951,PENDIENTE
8519,4055,PENDIENTE
8520,8612,EVALUADO
8521,3886,VENCIDO
8522,9082,DESESTIMADO
8523,7138,EVALUADO
8524,8405,DESESTIMADO
8525,4461,DESESTIMADO
8526,6032,APROBADO
8527,1703,VENCIDO
8528,8789,EVALUADO
8529,2167,DESESTIMADO
8530,7741,SUBSANADO
8531,6773,DESESTIMADO
8532,9596,EVALUADO
8533,599,APROBADO
8534,9224,APROBADO
8535,2192,APROBADO
8536,8277,SUBSANADO
8537,6540,APROBADO
8538,3201,APROBADO
8539,6582,EVALUADO
8540,8316,VENCIDO
8541,3810,VENCIDO
8542,9898,VENCIDO
8543,3965,PENDIENTE
8544,5331,SUBSANADO
8545,4836,PENDIENTE
8546,8778,APROBADO
8547,142,VENCIDO
8548,2756,DESESTIMADO
8549,7763,VENCIDO
8550,9171,APROBADO
8551,7364,VENCIDO
8552,1234,EVALUADO
8553,6384,EVALUADO
8554,3881,EVALUADO
8555,7084,DESESTIMADO
8556,995,SUBSANADO
8557,2714,APROBADO
8558,3191,VENCIDO
8559,5469,VENCIDO
8560,5773,APROBADO
8561,9910,DESESTIMADO
8562,8827,SUBSANADO
8563,6153,PENDIENTE
8564,6208,APROBADO
8565,561,PENDIENTE
8566,3480,EVALUADO
8567,8066,VENCIDO
8568,7879,SUBSANADO
8569,8407,EVALUADO
8570,9530,PENDIENTE
8571,2885,DESESTIMADO
8572,2619,EVALUADO
8573,9009,EVALUADO
8574,8531,DESESTIMADO
8575,3962,SUBSANADO
8576,5047,APROBADO
8577,4286,VENCIDO
8578,8246,SUBSANADO
8579,8464,DESESTIMADO
8580,1073,PENDIENTE
8581,8726,DESESTIMADO
8582,5422,DESESTIMADO
8583,7169,DESESTIMADO
8584,9737,PENDIENTE
8585,2874,VENCIDO
8586,9258,APROBADO
8587,3421,SUBSANADO
8588,7972,APROBADO
8589,2700,PENDIENTE
8590,3655,SUBSANADO
8591,2829,VENCIDO
8592,8876,VENCIDO
8593,4717,SUBSANADO
8594,4543,PENDIENTE
8595,6502,VENCIDO
8596,8790,PENDIENTE
8597,7482,SUBSANADO
8598,9237,APROBADO
8599,3116,EVALUADO
8600,9913,DESESTIMADO
8601,301,SUBSANADO
8602,7035,VENCIDO
8603,8901,APROBADO
8604,4034,PENDIENTE
8605,8492,PENDIENTE
8606,3704,DESESTIMADO
8607,4886,EVALUADO
8608,4509,VENCIDO
8609,6066,APROBADO
8610,4085,VENCIDO
8611,6556,SUBSANADO
8612,3221,SUBSANADO
8613,2458,SUBSANADO
8614,658,APROBADO
8615,3784,SUBSANADO
8616,3499,DESESTIMADO
8617,1436,EVALUADO
8618,7161,APROBADO
8619,4245,PENDIENTE
8620,4267,DESESTIMADO
8621,1555,APROBADO
8622,9229,DESESTIMADO
8623,7365,EVALUADO
8624,3233,SUBSANADO
8625,3600,SUBSANADO
8626,8435,EVALUADO
8627,4891,EVALUADO
8628,7716,SUBSANADO
8629,5580,EVALUADO
8630,2480,SUBSANADO
8631,5686,SUBSANADO
8632,3007,PENDIENTE
8633,3856,APROBADO
8634,1250,SUBSANADO
8635,8840,PENDIENTE
8636,9327,VENCIDO
8637,5980,EVALUADO
8638,4878,SUBSANADO
8639,8315,PENDIENTE
8640,3971,DESESTIMADO
8641,6150,SUBSANADO
8642,4733,SUBSANADO
8643,7330,SUBSANADO
8644,7299,PENDIENTE
8645,7749,DESESTIMADO
8646,611,EVALUADO
8647,4508,DESESTIMADO
8648,8367,VENCIDO
8649,5179,SUBSANADO
8650,63,DESESTIMADO
8651,1912,VENCIDO
8652,3162,PENDIENTE
8653,3317,DESESTIMADO
8654,1752,APROBADO
8655,7178,PENDIENTE
8656,3737,SUBSANADO
8657,4133,DESESTIMADO
8658,8555,VENCIDO
8659,2273,DESESTIMADO
8660,5380,SUBSANADO
8661,2770,PENDIENTE
8662,3350,SUBSANADO
8663,3467,DESESTIMADO
8664,697,VENCIDO
8665,2512,PENDIENTE
8666,9077,DESESTIMADO
8667,3847,SUBSANADO
8668,1241,VENCIDO
8669,6212,DESESTIMADO
8670,8744,EVALUADO
8671,8721,SUBSANADO
8672,7399,VENCIDO
8673,4061,APROBADO
8674,8822,VENCIDO
8675,6973,PENDIENTE
8676,284,PENDIENTE
8677,6448,PENDIENTE
8678,916,APROBADO
8679,1522,VENCIDO
8680,8340,EVALUADO
8681,9123,EVALUADO
8682,5406,DESESTIMADO
8683,2085,PENDIENTE
8684,2204,VENCIDO
8685,1905,PENDIENTE
8686,7314,APROBADO
8687,1232,APROBADO
8688,4655,VENCIDO
8689,8353,PENDIENTE
8690,4528,DESESTIMADO
8691,5761,APROBADO
8692,8857,VENCIDO
8693,9960,APROBADO
8694,5803,EVALUADO
8695,4177,APROBADO
8696,7578,EVALUADO
8697,3212,PENDIENTE
8698,3720,SUBSANADO
8699,8183,VENCIDO
8700,6944,APROBADO
8701,792,PENDIENTE
8702,4398,APROBADO
8703,9083,VENCIDO
8704,8561,VENCIDO
8705,3679,SUBSANADO
8706,807,VENCIDO
8707,676,VENCIDO
8708,950,PENDIENTE
8709,9414,APROBADO
8710,5685,EVALUADO
8711,3318,PENDIENTE
8712,6463,SUBSANADO
8713,6786,DESESTIMADO
8714,3300,EVALUADO
8715,9917,PENDIENTE
8716,9261,EVALUADO
8717,7878,EVALUADO
8718,7824,APROBADO
8719,8678,PENDIENTE
8720,6542,DESESTIMADO
8721,7199,APROBADO
8722,7010,SUBSANADO
8723,5877,PENDIENTE
8724,2940,EVALUADO
8725,2101,SUBSANADO
8726,9857,VENCIDO
8727,2022,VENCIDO
8728,2040,VENCIDO
8729,6546,EVALUADO
8730,2581,SUBSANADO
8731,7316,DESESTIMADO
8732,6770,APROBADO
8733,5179,SUBSANADO
8734,4274,APROBADO
8735,971,VENCIDO
8736,4530,SUBSANADO
8737,3155,SUBSANADO
8738,110,EVALUADO
8739,3314,SUBSANADO
8740,1788,APROBADO
8741,7652,PENDIENTE
8742,5289,PENDIENTE
8743,1236,APROBADO
8744,3207,EVALUADO
8745,8652,EVALUADO
8746,1013,DESESTIMADO
8747,4215,SUBSANADO
8748,8535,APROBADO
8749,5195,EVALUADO
8750,1119,VENCIDO
8751,65,VENCIDO
8752,7520,DESESTIMADO
8753,8233,PENDIENTE
8754,3258,EVALUADO
8755,2001,APROBADO
8756,9656,VENCIDO
8757,2443,VENCIDO
8758,2576,APROBADO
8759,5555,DESESTIMADO
8760,814,SUBSANADO
8761,3141,SUBSANADO
8762,5743,VENCIDO
8763,6359,PENDIENTE
8764,9343,SUBSANADO
8765,9662,EVALUADO
8766,6262,EVALUADO
8767,6578,EVALUADO
8768,1272,EVALUADO
8769,793,SUBSANADO
8770,2591,PENDIENTE
8771,2991,VENCIDO
8772,8132,DESESTIMADO
8773,6070,VENCIDO
8774,5829,SUBSANADO
8775,839,EVALUADO
8776,159,EVALUADO
8777,4126,SUBSANADO
8778,3775,APROBADO
8779,1296,DESESTIMADO
8780,1604,SUBSANADO
8781,8469,DESESTIMADO
8782,4382,EVALUADO
8783,3446,EVALUADO
8784,6595,PENDIENTE
8785,2109,SUBSANADO
8786,5281,EVALUADO
8787,4625,SUBSANADO
8788,6333,APROBADO
8789,2123,APROBADO
8790,2834,PENDIENTE
8791,7279,DESESTIMADO
8792,1539,VENCIDO
8793,8205,DESESTIMADO
8794,5066,VENCIDO
8795,3777,APROBADO
8796,8146,VENCIDO
8797,1824,APROBADO
8798,7363,DESESTIMADO
8799,8380,EVALUADO
8800,4599,APROBADO
8801,7961,PENDIENTE
8802,8234,PENDIENTE
8803,7012,VENCIDO
8804,7718,VENCIDO
8805,1355,DESESTIMADO
8806,1763,APROBADO
8807,457,PENDIENTE
8808,9017,PENDIENTE
8809,6096,APROBADO
8810,8083,APROBADO
8811,5436,VENCIDO
8812,8412,VENCIDO
8813,7027,APROBADO
8814,4319,EVALUADO
8815,3355,DESESTIMADO
8816,1987,DESESTIMADO
8817,4399,EVALUADO
8818,8109,DESESTIMADO
8819,7344,PENDIENTE
8820,4228,VENCIDO
8821,7192,APROBADO
8822,9549,PENDIENTE
8823,9446,EVALUADO
8824,7226,PENDIENTE
8825,4399,VENCIDO
8826,6304,SUBSANADO
8827,8998,PENDIENTE
8828,7502,SUBSANADO
8829,9714,SUBSANADO
8830,7964,DESESTIMADO
8831,6690,VENCIDO
8832,6339,SUBSANADO
8833,9024,APROBADO
8834,259,DESESTIMADO
8835,5739,SUBSANADO
8836,912,PENDIENTE
8837,8395,APROBADO
8838,4335,SUBSANADO
8839,2782,PENDIENTE
8840,766,PENDIENTE
8841,3434,VENCIDO
8842,2516,PENDIENTE
8843,9281,SUBSANADO
8844,8314,VENCIDO
8845,3835,PENDIENTE
8846,8012,SUBSANADO
8847,5763,SUBSANADO
8848,4549,SUBSANADO
8849,5618,SUBSANADO
8850,681,PENDIENTE
8851,2363,VENCIDO
8852,307,PENDIENTE
8853,6109,PENDIENTE
8854,6565,APROBADO
8855,4822,APROBADO
8856,4306,SUBSANADO
8857,586,VENCIDO
8858,8027,APROBADO
8859,6392,EVALUADO
8860,3385,EVALUADO
8861,9957,EVALUADO
8862,2356,PENDIENTE
8863,6512,EVALUADO
8864,4207,DESESTIMADO
8865,4667,DESESTIMADO
8866,7436,SUBSANADO
8867,8592,APROBADO
8868,2062,APROBADO
8869,317,PENDIENTE
8870,9403,APROBADO
8871,2589,SUBSANADO
8872,9797,DESESTIMADO
8873,1502,VENCIDO
8874,5118,PENDIENTE
8875,332,VENCIDO
8876,4288,DESESTIMADO
8877,8602,EVALUADO
8878,4261,PENDIENTE
8879,2999,VENCIDO
8880,9945,VENCIDO
8881,2769,APROBADO
8882,7946,VENCIDO
8883,5748,SUBSANADO
8884,1278,DESESTIMADO
8885,3756,DESESTIMADO
8886,5510,APROBADO
8887,3026,VENCIDO
8888,5254,EVALUADO
8889,3322,EVALUADO
8890,4100,PENDIENTE
8891,1598,VENCIDO
8892,267,DESESTIMADO
8893,4177,VENCIDO
8894,2437,DESESTIMADO
8895,1010,SUBSANADO
8896,9090,PENDIENTE
8897,2080,DESESTIMADO
8898,2302,VENCIDO
8899,4041,EVALUADO
8900,3218,APROBADO
8901,1787,DESESTIMADO
8902,5658,APROBADO
8903,9202,APROBADO
8904,5729,APROBADO
8905,7669,VENCIDO
8906,1618,APROBADO
8907,5700,APROBADO
8908,2991,APROBADO
8909,3591,SUBSANADO
8910,4211,EVALUADO
8911,3906,SUBSANADO
8912,4545,EVALUADO
8913,8533,VENCIDO
8914,8212,EVALUADO
8915,5680,VENCIDO
8916,8312,APROBADO
8917,8422,SUBSANADO
8918,9067,DESESTIMADO
8919,5776,DESESTIMADO
8920,8551,VENCIDO
8921,9637,APROBADO
8922,8560,PENDIENTE
8923,3852,VENCIDO
8924,4110,DESESTIMADO
8925,1455,DESESTIMADO
8926,6775,PENDIENTE
8927,5577,VENCIDO
8928,8317,APROBADO
8929,4148,VENCIDO
8930,5923,SUBSANADO
8931,9087,APROBADO
8932,2682,PENDIENTE
8933,7220,EVALUADO
8934,504,SUBSANADO
8935,3729,PENDIENTE
8936,6101,APROBADO
8937,1732,VENCIDO
8938,2516,VENCIDO
8939,9786,SUBSANADO
8940,6346,PENDIENTE
8941,4659,APROBADO
8942,9459,PENDIENTE
8943,2453,VENCIDO
8944,7138,APROBADO
8945,1121,SUBSANADO
8946,1313,APROBADO
8947,3728,APROBADO
8948,4987,PENDIENTE
8949,1913,APROBADO
8950,8308,SUBSANADO
8951,8986,DESESTIMADO
8952,7886,VENCIDO
8953,4451,VENCIDO
8954,8964,DESESTIMADO
8955,2772,APROBADO
8956,4772,PENDIENTE
8957,614,VENCIDO
8958,4822,SUBSANADO
8959,8610,SUBSANADO
8960,4101,DESESTIMADO
8961,1640,VENCIDO
8962,2598,EVALUADO
8963,3783,SUBSANADO
8964,1231,EVALUADO
8965,2411,PENDIENTE
8966,9304,PENDIENTE
8967,9142,EVALUADO
8968,914,SUBSANADO
8969,3383,EVALUADO
8970,6825,VENCIDO
8971,4944,PENDIENTE
8972,8715,DESESTIMADO
8973,7478,APROBADO
8974,7744,SUBSANADO
8975,3966,VENCIDO
8976,2966,VENCIDO
8977,9987,VENCIDO
8978,3852,DESESTIMADO
8979,7107,DESESTIMADO
8980,589,EVALUADO
8981,4171,SUBSANADO
8982,7067,APROBADO
8983,2621,APROBADO
8984,2802,PENDIENTE
8985,9965,VENCIDO
8986,9767,APROBADO
8987,2823,PENDIENTE
8988,94,VENCIDO
8989,6189,EVALUADO
8990,3178,DESESTIMADO
8991,8049,VENCIDO
8992,6278,DESESTIMADO
8993,1536,EVALUADO
8994,2352,APROBADO
8995,1757,SUBSANADO
8996,1208,APROBADO
8997,1753,DESESTIMADO
8998,2669,EVALUADO
8999,2880,APROBADO
9000,860,VENCIDO
9001,9,DESESTIMADO
9002,6216,EVALUADO
9003,3894,SUBSANADO
9004,7641,SUBSANADO
9005,389,DESESTIMADO
9006,4602,APROBADO
9007,877,APROBADO
9008,1299,VENCIDO
9009,2573,EVALUADO
9010,5558,EVALUADO
9011,3169,APROBADO
9012,2457,APROBADO
9013,8653,SUBSANADO
9014,5312,APROBADO
9015,2457,SUBSANADO
9016,8626,EVALUADO
9017,9358,PENDIENTE
9018,800,DESESTIMADO
9019,9004,VENCIDO
9020,5344,VENCIDO
9021,3051,EVALUADO
9022,2843,APROBADO
9023,556,VENCIDO
9024,3726,VENCIDO
9025,5273,SUBSANADO
9026,1729,EVALUADO
9027,8569,VENCIDO
9028,792,PENDIENTE
9029,1106,EVALUADO
9030,453,APROBADO
9031,6830,DESESTIMADO
9032,7041,SUBSANADO
9033,1961,SUBSANADO
9034,3924,SUBSANADO
9035,3790,APROBADO
9036,9984,EVALUADO
9037,9796,APROBADO
9038,5719,DESESTIMADO
9039,7906,VENCIDO
9040,9197,DESESTIMADO
9041,4816,VENCIDO
9042,1406,SUBSANADO
9043,4080,SUBSANADO
9044,7700,EVALUADO
9045,5395,APROBADO
9046,3678,APROBADO
9047,9431,APROBADO
9048,9613,PENDIENTE
9049,1418,DESESTIMADO
9050,8065,DESESTIMADO
9051,2526,PENDIENTE
9052,8105,APROBADO
9053,2910,PENDIENTE
9054,3144,DESESTIMADO
9055,6658,VENCIDO
9056,3802,DESESTIMADO
9057,4535,EVALUADO
9058,2092,DESESTIMADO
9059,9112,EVALUADO
9060,3374,DESESTIMADO
9061,9183,SUBSANADO
9062,4,DESESTIMADO
9063,2620,PENDIENTE
9064,7540,DESESTIMADO
9065,1425,EVALUADO
9066,5089,SUBSANADO
9067,8217,PENDIENTE
9068,2928,PENDIENTE
9069,578,DESESTIMADO
9070,18,APROBADO
9071,3192,PENDIENTE
9072,7749,APROBADO
9073,4865,SUBSANADO
9074,615,SUBSANADO
9075,5728,VENCIDO
9076,3171,APROBADO
9077,6524,PENDIENTE
9078,6924,VENCIDO
9079,9910,VENCIDO
9080,6629,VENCIDO
9081,9716,VENCIDO
9082,8916,PENDIENTE
9083,3947,EVALUADO
9084,1213,APROBADO
9085,4988,VENCIDO
9086,7666,SUBSANADO
9087,1542,VENCIDO
9088,2343,EVALUADO
9089,8366,DESESTIMADO
9090,6221,SUBSANADO
9091,2528,VENCIDO
9092,7494,DESESTIMADO
9093,1163,APROBADO
9094,2050,APROBADO
9095,7955,SUBSANADO
9096,6954,PENDIENTE
9097,5790,APROBADO
9098,1335,EVALUADO
9099,3869,DESESTIMADO
9100,539,APROBADO
9101,4663,APROBADO
9102,8557,EVALUADO
9103,7923,DESESTIMADO
9104,7980,VENCIDO
9105,2406,DESESTIMADO
9106,94,PENDIENTE
9107,9689,EVALUADO
9108,5530,APROBADO
9109,8882,DESESTIMADO
9110,4242,EVALUADO
9111,986,SUBSANADO
9112,3757,APROBADO
9113,7757,PENDIENTE
9114,6999,PENDIENTE
9115,4395,EVALUADO
9116,6453,APROBADO
9117,1999,EVALUADO
9118,6911,PENDIENTE
9119,3301,APROBADO
9120,6158,DESESTIMADO
9121,65,SUBSANADO
9122,7938,EVALUADO
9123,6986,SUBSANADO
9124,3665,APROBADO
9125,4648,DESESTIMADO
9126,6540,DESESTIMADO
9127,9577,PENDIENTE
9128,1413,VENCIDO
9129,7863,APROBADO
9130,1424,EVALUADO
9131,4962,VENCIDO
9132,7737,VENCIDO
9133,2710,PENDIENTE
9134,7582,DESESTIMADO
9135,8918,EVALUADO
9136,9462,VENCIDO
9137,9188,SUBSANADO
9138,901,VENCIDO
9139,5300,VENCIDO
9140,9525,EVALUADO
9141,3657,DESESTIMADO
9142,4026,DESESTIMADO
9143,369,VENCIDO
9144,3590,PENDIENTE
9145,7199,EVALUADO
9146,5889,VENCIDO
9147,9427,PENDIENTE
9148,254,APROBADO
9149,2165,DESESTIMADO
9150,3576,PENDIENTE
9151,9672,SUBSANADO
9152,4853,APROBADO
9153,891,APROBADO
9154,8286,SUBSANADO
9155,4752,APROBADO
9156,6813,APROBADO
9157,7057,APROBADO
9158,7482,SUBSANADO
9159,1537,VENCIDO
9160,1863,PENDIENTE
9161,8982,VENCIDO
9162,2159,APROBADO
9163,1452,VENCIDO
9164,2476,EVALUADO
9165,4568,VENCIDO
9166,6219,APROBADO
9167,6647,EVALUADO
9168,5074,APROBADO
9169,3030,SUBSANADO
9170,4686,EVALUADO
9171,3581,EVALUADO
9172,3964,PENDIENTE
9173,7004,DESESTIMADO
9174,4222,SUBSANADO
9175,8226,VENCIDO
9176,2379,SUBSANADO
9177,761,DESESTIMADO
9178,4600,DESESTIMADO
9179,1634,APROBADO
9180,6832,PENDIENTE
9181,9553,APROBADO
9182,7390,DESESTIMADO
9183,9868,VENCIDO
9184,327,APROBADO
9185,9897,PENDIENTE
9186,2194,APROBADO
9187,219,APROBADO
9188,8243,DESESTIMADO
9189,8917,DESESTIMADO
9190,6338,EVALUADO
9191,5262,PENDIENTE
9192,6096,PENDIENTE
9193,7962,VENCIDO
9194,737,PENDIENTE
9195,686,APROBADO
9196,3384,DESESTIMADO
9197,13,PENDIENTE
9198,5422,EVALUADO
9199,7257,VENCIDO
9200,6003,EVALUADO
9201,7339,EVALUADO
9202,2109,SUBSANADO
9203,5405,PENDIENTE
9204,9230,VENCIDO
9205,8939,VENCIDO
9206,2336,DESESTIMADO
9207,6767,DESESTIMADO
9208,9514,VENCIDO
9209,1498,EVALUADO
9210,9043,EVALUADO
9211,7613,EVALUADO
9212,8258,VENCIDO
9213,6940,PENDIENTE
9214,7049,VENCIDO
9215,4069,PENDIENTE
9216,5114,SUBSANADO
9217,3303,APROBADO
9218,6189,DESESTIMADO
9219,1054,SUBSANADO
9220,512,DESESTIMADO
9221,3400,DESESTIMADO
9222,4923,DESESTIMADO
9223,4397,APROBADO
9224,8731,DESESTIMADO
9225,4156,SUBSANADO
9226,587,SUBSANADO
9227,5613,PENDIENTE
9228,6407,EVALUADO
9229,9418,VENCIDO
9230,8644,APROBADO
9231,9347,EVALUADO
9232,7274,VENCIDO
9233,6514,PENDIENTE
9234,6765,EVALUADO
9235,2404,DESESTIMADO
9236,9565,APROBADO
9237,2949,APROBADO
9238,9134,DESESTIMADO
9239,9154,VENCIDO
9240,8065,APROBADO
9241,2950,VENCIDO
9242,5563,VENCIDO
9243,5323,EVALUADO
9244,5819,EVALUADO
9245,7014,DESESTIMADO
9246,6167,EVALUADO
9247,5672,PENDIENTE
9248,5321,PENDIENTE
9249,1196,VENCIDO
9250,5604,PENDIENTE
9251,347,PENDIENTE
9252,4481,SUBSANADO
9253,2521,VENCIDO
9254,2235,PENDIENTE
9255,3309,EVALUADO
9256,6974,EVALUADO
9257,1339,APROBADO
9258,8554,EVALUADO
9259,1305,VENCIDO
9260,6890,EVALUADO
9261,1995,EVALUADO
9262,7405,SUBSANADO
9263,1709,PENDIENTE
9264,679,EVALUADO
9265,7796,PENDIENTE
9266,3420,DESESTIMADO
9267,8849,VENCIDO
9268,1110,EVALUADO
9269,7772,EVALUADO
9270,9452,SUBSANADO
9271,9945,DESESTIMADO
9272,7326,EVALUADO
9273,8399,DESESTIMADO
9274,9612,APROBADO
9275,556,SUBSANADO
9276,3389,APROBADO
9277,6511,SUBSANADO
9278,83,DESESTIMADO
9279,504,SUBSANADO
9280,795,SUBSANADO
9281,8045,VENCIDO
9282,5677,DESESTIMADO
9283,8261,DESESTIMADO
9284,5957,SUBSANADO
9285,631,DESESTIMADO
9286,9659,VENCIDO
9287,375,SUBSANADO
9288,6961,DESESTIMADO
9289,5007,APROBADO
9290,7899,SUBSANADO
9291,3984,PENDIENTE
9292,1968,VENCIDO
9293,1924,EVALUADO
9294,2837,PENDIENTE
9295,3120,APROBADO
9296,9085,VENCIDO
9297,5508,DESESTIMADO
9298,1770,SUBSANADO
9299,7115,EVALUADO
9300,5517,DESESTIMADO
9301,1961,VENCIDO
9302,3637,SUBSANADO
9303,84,EVALUADO
9304,7176,EVALUADO
9305,9100,DESESTIMADO
9306,1217,APROBADO
9307,1327,VENCIDO
9308,191,EVALUADO
9309,5832,SUBSANADO
9310,9162,APROBADO
9311,8867,VENCIDO
9312,8747,VENCIDO
9313,8474,PENDIENTE
9314,5552,PENDIENTE
9315,4107,PENDIENTE
9316,6615,VENCIDO
9317,355,SUBSANADO
9318,6862,DESESTIMADO
9319,2683,PENDIENTE
9320,7363,VENCIDO
9321,9466,APROBADO
9322,2652,DESESTIMADO
9323,384,EVALUADO
9324,3604,DESESTIMADO
9325,4007,DESESTIMADO
9326,7646,SUBSANADO
9327,1230,EVALUADO
9328,5042,VENCIDO
9329,7246,VENCIDO
9330,6694,PENDIENTE
9331,1590,EVALUADO
9332,8646,APROBADO
9333,2684,PENDIENTE
9334,5214,SUBSANADO
9335,7407,EVALUADO
9336,5717,APROBADO
9337,8607,VENCIDO
9338,660,SUBSANADO
9339,5980,EVALUADO
9340,3039,PENDIENTE
9341,7674,EVALUADO
9342,2402,APROBADO
9343,1439,VENCIDO
9344,7822,DESESTIMADO
9345,8546,PENDIENTE
9346,5691,VENCIDO
9347,469,APROBADO
9348,4932,EVALUADO
9349,6905,DESESTIMADO
9350,4081,SUBSANADO
9351,4193,EVALUADO
9352,6681,APROBADO
9353,2742,EVALUADO
9354,8994,APROBADO
9355,3352,SUBSANADO
9356,5240,PENDIENTE
9357,9869,SUBSANADO
9358,3690,DESESTIMADO
9359,5375,DESESTIMADO
9360,5104,SUBSANADO
9361,4156,EVALUADO
9362,7521,APROBADO
9363,7929,DESESTIMADO
9364,5404,SUBSANADO
9365,6246,APROBADO
9366,4125,PENDIENTE
9367,3532,PENDIENTE
9368,887,DESESTIMADO
9369,4426,PENDIENTE
9370,8060,PENDIENTE
9371,8739,VENCIDO
9372,4578,VENCIDO
9373,9378,DESESTIMADO
9374,1519,PENDIENTE
9375,43,EVALUADO
9376,4829,PENDIENTE
9377,3497,EVALUADO
9378,2345,VENCIDO
9379,6654,PENDIENTE
9380,5894,DESESTIMADO
9381,2030,EVALUADO
9382,4587,VENCIDO
9383,3629,DESESTIMADO
9384,5441,SUBSANADO
9385,7701,VENCIDO
9386,9913,VENCIDO
9387,8602,DESESTIMADO
9388,9068,APROBADO
9389,6801,DESESTIMADO
9390,5520,PENDIENTE
9391,2975,EVALUADO
9392,6669,SUBSANADO
9393,6824,VENCIDO
9394,9960,PENDIENTE
9395,2207,APROBADO
9396,271,VENCIDO
9397,2189,SUBSANADO
9398,1405,PENDIENTE
9399,7297,APROBADO
9400,4625,DESESTIMADO
9401,6605,VENCIDO
9402,8604,APROBADO
9403,446,APROBADO
9404,3066,PENDIENTE
9405,3062,PENDIENTE
9406,6411,VENCIDO
9407,8130,APROBADO
9408,4397,SUBSANADO
9409,4999,VENCIDO
9410,691,DESESTIMADO
9411,1230,SUBSANADO
9412,525,PENDIENTE
9413,8687,DESESTIMADO
9414,1894,EVALUADO
9415,6423,SUBSANADO
9416,1252,VENCIDO
9417,5014,VENCIDO
9418,8978,EVALUADO
9419,5979,PENDIENTE
9420,3919,APROBADO
9421,2545,PENDIENTE
9422,7094,APROBADO
9423,9932,SUBSANADO
9424,9694,EVALUADO
9425,118,SUBSANADO
9426,2198,APROBADO
9427,8704,EVALUADO
9428,1634,SUBSANADO
9429,2878,SUBSANADO
9430,10,APROBADO
9431,3706,SUBSANADO
9432,6598,VENCIDO
9433,7750,VENCIDO
9434,8711,DESESTIMADO
9435,9032,PENDIENTE
9436,9486,APROBADO
9437,857,EVALUADO
9438,7804,SUBSANADO
9439,8794,VENCIDO
9440,6748,SUBSANADO
9441,6380,APROBADO
9442,2578,PENDIENTE
9443,5984,APROBADO
9444,2632,PENDIENTE
9445,4358,SUBSANADO
9446,5758,EVALUADO
9447,8775,EVALUADO
9448,8968,PENDIENTE
9449,7418,PENDIENTE
9450,5236,EVALUADO
9451,4095,PENDIENTE
9452,5578,EVALUADO
9453,9162,VENCIDO
9454,3959,PENDIENTE
9455,6725,APROBADO
9456,8884,DESESTIMADO
9457,5151,APROBADO
9458,9543,DESESTIMADO
9459,8606,PENDIENTE
9460,3138,EVALUADO
9461,5775,EVALUADO
9462,6632,SUBSANADO
9463,7505,VENCIDO
9464,6754,APROBADO
9465,5371,SUBSANADO
9466,1355,SUBSANADO
9467,8720,EVALUADO
9468,8791,SUBSANADO
9469,2979,PENDIENTE
9470,3998,APROBADO
9471,5865,PENDIENTE
9472,3948,APROBADO
9473,8817,APROBADO
9474,1179,EVALUADO
9475,7921,PENDIENTE
9476,7612,VENCIDO
9477,9099,APROBADO
9478,3846,SUBSANADO
9479,9266,SUBSANADO
9480,9482,APROBADO
9481,3008,EVALUADO
9482,3406,DESESTIMADO
9483,243,APROBADO
9484,8052,SUBSANADO
9485,4596,PENDIENTE
9486,853,SUBSANADO
9487,5104,SUBSANADO
9488,4925,EVALUADO
9489,875,EVALUADO
9490,4344,PENDIENTE
9491,345,PENDIENTE
9492,948,DESESTIMADO
9493,5631,APROBADO
9494,8066,DESESTIMADO
9495,5858,PENDIENTE
9496,3427,VENCIDO
9497,9470,EVALUADO
9498,2281,VENCIDO
9499,8636,DESESTIMADO
9500,7158,PENDIENTE
9501,2367,SUBSANADO
9502,7107,PENDIENTE
9503,7200,DESESTIMADO
9504,5194,EVALUADO
9505,1632,SUBSANADO
9506,4233,APROBADO
9507,8978,VENCIDO
9508,513,PENDIENTE
9509,4141,EVALUADO
9510,5197,PENDIENTE
9511,6109,EVALUADO
9512,3561,EVALUADO
9513,4751,APROBADO
9514,1647,SUBSANADO
9515,302,PENDIENTE
9516,8486,PENDIENTE
9517,7339,SUBSANADO
9518,8221,VENCIDO
9519,8287,DESESTIMADO
9520,556,VENCIDO
9521,5940,APROBADO
9522,2676,PENDIENTE
9523,2101,EVALUADO
9524,218,EVALUADO
9525,5353,SUBSANADO
9526,5669,DESESTIMADO
9527,2784,APROBADO
9528,5286,EVALUADO
9529,9712,DESESTIMADO
9530,5024,SUBSANADO
9531,330,PENDIENTE
9532,7597,DESESTIMADO
9533,1573,APROBADO
9534,2477,DESESTIMADO
9535,5834,VENCIDO
9536,3896,VENCIDO
9537,1385,EVALUADO
9538,6434,DESESTIMADO
9539,549,PENDIENTE
9540,616,PENDIENTE
9541,1080,DESESTIMADO
9542,6624,APROBADO
9543,3827,VENCIDO
9544,5503,PENDIENTE
9545,2545,PENDIENTE
9546,1805,VENCIDO
9547,2641,EVALUADO
9548,125,EVALUADO
9549,9535,APROBADO
9550,3488,VENCIDO
9551,9930,SUBSANADO
9552,6151,APROBADO
9553,9444,DESESTIMADO
9554,2443,APROBADO
9555,2822,EVALUADO
9556,6349,PENDIENTE
9557,2314,PENDIENTE
9558,9286,EVALUADO
9559,5999,PENDIENTE
9560,2978,PENDIENTE
9561,6997,SUBSANADO
9562,8786,DESESTIMADO
9563,7103,VENCIDO
9564,5057,PENDIENTE
9565,4309,DESESTIMADO
9566,3576,APROBADO
9567,810,VENCIDO
9568,7667,DESESTIMADO
9569,3317,VENCIDO
9570,1172,PENDIENTE
9571,6322,APROBADO
9572,4528,DESESTIMADO
9573,1825,EVALUADO
9574,966,PENDIENTE
9575,1016,DESESTIMADO
9576,9419,VENCIDO
9577,5983,DESESTIMADO
9578,497,APROBADO
9579,6466,VENCIDO
9580,5638,VENCIDO
9581,4324,SUBSANADO
9582,4544,DESESTIMADO
9583,5013,VENCIDO
9584,4141,APROBADO
9585,551,SUBSANADO
9586,5966,DESESTIMADO
9587,2901,APROBADO
9588,9786,PENDIENTE
9589,2435,APROBADO
9590,4295,SUBSANADO
9591,5876,EVALUADO
9592,5884,SUBSANADO
9593,764,PENDIENTE
9594,1228,SUBSANADO
9595,2726,APROBADO
9596,3483,VENCIDO
9597,4226,VENCIDO
9598,1473,SUBSANADO
9599,9638,PENDIENTE
9600,5044,APROBADO
9601,4157,VENCIDO
9602,4137,EVALUADO
9603,1412,DESESTIMADO
9604,6891,EVALUADO
9605,9351,DESESTIMADO
9606,9139,PENDIENTE
9607,2880,EVALUADO
9608,2353,SUBSANADO
9609,9211,SUBSANADO
9610,9001,DESESTIMADO
9611,1516,EVALUADO
9612,2014,VENCIDO
9613,4114,VENCIDO
9614,7984,DESESTIMADO
9615,9826,DESESTIMADO
9616,8270,EVALUADO
9617,8879,VENCIDO
9618,5371,SUBSANADO
9619,8808,SUBSANADO
9620,746,SUBSANADO
9621,4887,VENCIDO
9622,5675,DESESTIMADO
9623,1497,VENCIDO
9624,1287,VENCIDO
9625,3260,SUBSANADO
9626,5870,DESESTIMADO
9627,2507,EVALUADO
9628,7291,VENCIDO
9629,8804,SUBSANADO
9630,3410,PENDIENTE
9631,3466,PENDIENTE
9632,2730,DESESTIMADO
9633,2569,VENCIDO
9634,6647,SUBSANADO
9635,5030,EVALUADO
9636,3291,VENCIDO
9637,4306,DESESTIMADO
9638,9882,APROBADO
9639,6990,DESESTIMADO
9640,4529,SUBSANADO
9641,1735,APROBADO
9642,6881,SUBSANADO
9643,4873,VENCIDO
9644,7019,VENCIDO
9645,4820,PENDIENTE
9646,5061,PENDIENTE
9647,1657,DESESTIMADO
9648,4844,EVALUADO
9649,9412,VENCIDO
9650,9959,SUBSANADO
9651,5341,VENCIDO
9652,3695,PENDIENTE
9653,9980,APROBADO
9654,416,VENCIDO
9655,9782,VENCIDO
9656,361,VENCIDO
9657,4262,APROBADO
9658,4127,SUBSANADO
9659,6366,APROBADO
9660,5229,APROBADO
9661,773,VENCIDO
9662,83,EVALUADO
9663,7522,SUBSANADO
9664,1586,EVALUADO
9665,9102,VENCIDO
9666,4564,DESESTIMADO
9667,2359,DESESTIMADO
9668,5869,EVALUADO
9669,3442,APROBADO
9670,7569,DESESTIMADO
9671,5481,VENCIDO
9672,7646,VENCIDO
9673,2556,PENDIENTE
9674,905,DESESTIMADO
9675,9374,EVALUADO
9676,7332,SUBSANADO
9677,706,SUBSANADO
9678,7182,DESESTIMADO
9679,1546,EVALUADO
9680,8684,EVALUADO
9681,8606,APROBADO
9682,4957,VENCIDO
9683,1194,EVALUADO
9684,862,SUBSANADO
9685,4206,VENCIDO
9686,3914,PENDIENTE
9687,8185,EVALUADO
9688,5573,PENDIENTE
9689,2514,APROBADO
9690,9292,SUBSANADO
9691,2781,APROBADO
9692,940,PENDIENTE
9693,7425,DESESTIMADO
9694,8397,SUBSANADO
9695,1144,VENCIDO
9696,2353,VENCIDO
9697,4746,VENCIDO
9698,5980,SUBSANADO
9699,89,PENDIENTE
9700,4265,PENDIENTE
9701,4905,DESESTIMADO
9702,7416,PENDIENTE
9703,7906,EVALUADO
9704,926,APROBADO
9705,7659,VENCIDO
9706,4175,VENCIDO
9707,7985,APROBADO
9708,6086,APROBADO
9709,9947,PENDIENTE
9710,9714,APROBADO
9711,3458,DESESTIMADO
9712,5063,DESESTIMADO
9713,8245,APROBADO
9714,8304,SUBSANADO
9715,6533,PENDIENTE
9716,5305,EVALUADO
9717,4588,EVALUADO
9718,1938,DESESTIMADO
9719,5371,APROBADO
9720,6764,APROBADO
9721,9555,VENCIDO
9722,3099,VENCIDO
9723,2728,EVALUADO
9724,6810,EVALUADO
9725,2446,VENCIDO
9726,1689,APROBADO
9727,6205,EVALUADO
9728,3573,PENDIENTE
9729,3126,PENDIENTE
9730,232,DESESTIMADO
9731,2439,PENDIENTE
9732,1847,EVALUADO
9733,2681,PENDIENTE
9734,1845,SUBSANADO
9735,9203,VENCIDO
9736,9700,DESESTIMADO
9737,6807,APROBADO
9738,877,PENDIENTE
9739,6193,EVALUADO
9740,966,DESESTIMADO
9741,5942,PENDIENTE
9742,7728,DESESTIMADO
9743,4060,EVALUADO
9744,2854,EVALUADO
9745,2776,APROBADO
9746,1325,DESESTIMADO
9747,9721,PENDIENTE
9748,6592,APROBADO
9749,1130,SUBSANADO
9750,2219,EVALUADO
9751,252,SUBSANADO
9752,1894,PENDIENTE
9753,341,DESESTIMADO
9754,8443,SUBSANADO
9755,364,DESESTIMADO
9756,8672,DESESTIMADO
9757,7543,DESESTIMADO
9758,1285,APROBADO
9759,350,EVALUADO
9760,3253,APROBADO
9761,9708,EVALUADO
9762,3961,DESESTIMADO
9763,887,SUBSANADO
9764,1341,DESESTIMADO
9765,6024,DESESTIMADO
9766,5315,DESESTIMADO
9767,1504,DESESTIMADO
9768,9010,VENCIDO
9769,9611,VENCIDO
9770,4065,EVALUADO
9771,7872,EVALUADO
9772,43,EVALUADO
9773,9794,PENDIENTE
9774,7465,SUBSANADO
9775,3253,APROBADO
9776,1140,SUBSANADO
9777,286,SUBSANADO
9778,7624,APROBADO
9779,5229,VENCIDO
9780,2049,DESESTIMADO
9781,9110,DESESTIMADO
9782,3462,DESESTIMADO
9783,7654,EVALUADO
9784,1920,DESESTIMADO
9785,5391,DESESTIMADO
9786,8767,SUBSANADO
9787,6326,DESESTIMADO
9788,9300,VENCIDO
9789,8590,DESESTIMADO
9790,9830,PENDIENTE
9791,9338,DESESTIMADO
9792,6896,VENCIDO
9793,3876,PENDIENTE
9794,7977,EVALUADO
9795,2232,APROBADO
9796,6365,VENCIDO
9797,7707,APROBADO
9798,3531,APROBADO
9799,6238,PENDIENTE
9800,678,PENDIENTE
9801,5872,SUBSANADO
9802,5015,EVALUADO
9803,2908,EVALUADO
9804,8848,DESESTIMADO
9805,3031,DESESTIMADO
9806,7610,EVALUADO
9807,3893,DESESTIMADO
9808,1972,SUBSANADO
9809,4564,EVALUADO
9810,528,VENCIDO
9811,3806,EVALUADO
9812,2600,APROBADO
9813,8550,PENDIENTE
9814,964,SUBSANADO
9815,9545,VENCIDO
9816,3584,SUBSANADO
9817,9818,APROBADO
9818,8943,EVALUADO
9819,5412,EVALUADO
9820,7826,DESESTIMADO
9821,1386,EVALUADO
9822,2474,APROBADO
9823,2602,EVALUADO
9824,3462,SUBSANADO
9825,7731,SUBSANADO
9826,3466,EVALUADO
9827,9719,SUBSANADO
9828,3984,APROBADO
9829,3489,APROBADO
9830,7391,DESESTIMADO
9831,565,DESESTIMADO
9832,9643,SUBSANADO
9833,8538,APROBADO
9834,5917,PENDIENTE
9835,4533,EVALUADO
9836,4528,VENCIDO
9837,1481,EVALUADO
9838,5992,SUBSANADO
9839,4687,VENCIDO
9840,6487,EVALUADO
9841,4946,SUBSANADO
9842,3662,VENCIDO
9843,9723,APROBADO
9844,4509,VENCIDO
9845,5210,PENDIENTE
9846,26,SUBSANADO
9847,5996,SUBSANADO
9848,1104,SUBSANADO
9849,2928,VENCIDO
9850,928,APROBADO
9851,6766,APROBADO
9852,30,VENCIDO
9853,4388,SUBSANADO
9854,2027,VENCIDO
9855,3333,VENCIDO
9856,3642,APROBADO
9857,2522,SUBSANADO
9858,1907,DESESTIMADO
9859,3423,VENCIDO
9860,6514,SUBSANADO
9861,6213,EVALUADO
9862,6903,DESESTIMADO
9863,9377,VENCIDO
9864,3944,SUBSANADO
9865,4992,EVALUADO
9866,2538,DESESTIMADO
9867,7572,EVALUADO
9868,4283,APROBADO
9869,4547,DESESTIMADO
9870,5475,SUBSANADO
9871,7935,VENCIDO
9872,6087,APROBADO
9873,3486,VENCIDO
9874,5062,APROBADO
9875,1539,APROBADO
9876,714,PENDIENTE
9877,7902,PENDIENTE
9878,2914,APROBADO
9879,944,PENDIENTE
9880,8840,EVALUADO
9881,5981,SUBSANADO
9882,7692,APROBADO
9883,1417,PENDIENTE
9884,2172,SUBSANADO
9885,9942,PENDIENTE
9886,7720,APROBADO
9887,4001,VENCIDO
9888,5849,DESESTIMADO
9889,9888,APROBADO
9890,7173,PENDIENTE
9891,7687,VENCIDO
9892,3044,APROBADO
9893,3849,VENCIDO
9894,2027,APROBADO
9895,8646,EVALUADO
9896,988,APROBADO
9897,340,SUBSANADO
9898,4356,PENDIENTE
9899,6682,SUBSANADO
9900,8622,EVALUADO
9901,2469,DESESTIMADO
9902,8689,EVALUADO
9903,4367,EVALUADO
9904,2161,SUBSANADO
9905,554,PENDIENTE
9906,8486,SUBSANADO
9907,3119,DESESTIMADO
9908,6706,DESESTIMADO
9909,3027,VENCIDO
9910,5968,DESESTIMADO
9911,3721,VENCIDO
9912,8135,EVALUADO
9913,1259,DESESTIMADO
9914,8281,VENCIDO
9915,7416,APROBADO
9916,179,SUBSANADO
9917,6377,VENCIDO
9918,6847,PENDIENTE
9919,4242,PENDIENTE
9920,2374,VENCIDO
9921,5741,EVALUADO
9922,294,VENCIDO
9923,1326,SUBSANADO
9924,1777,SUBSANADO
9925,3387,DESESTIMADO
9926,3022,SUBSANADO
9927,5415,PENDIENTE
9928,6897,VENCIDO
9929,9953,EVALUADO
9930,250,SUBSANADO
9931,4317,SUBSANADO
9932,1067,APROBADO
9933,5361,PENDIENTE
9934,1878,VENCIDO
9935,1857,DESESTIMADO
9936,5350,EVALUADO
9937,1885,DESESTIMADO
9938,2968,DESESTIMADO
9939,1426,SUBSANADO
9940,1132,APROBADO
9941,664,DESESTIMADO
9942,4784,EVALUADO
9943,6163,DESESTIMADO
9944,3935,PENDIENTE
9945,8862,EVALUADO
9946,7114,SUBSANADO
9947,6164,SUBSANADO
9948,620,SUBSANADO
9949,5390,DESESTIMADO
9950,6855,APROBADO
9951,8671,SUBSANADO
9952,8894,PENDIENTE
9953,4780,DESESTIMADO
9954,9242,APROBADO
9955,1416,PENDIENTE
9956,8361,APROBADO
9957,8120,VENCIDO
9958,4248,APROBADO
9959,811,PENDIENTE
9960,978,VENCIDO
9961,5890,SUBSANADO
9962,4550,PENDIENTE
9963,1304,DESESTIMADO
9964,7500,VENCIDO
9965,5675,VENCIDO
9966,5255,PENDIENTE
9967,820,VENCIDO
9968,3688,EVALUADO
9969,6244,EVALUADO
9970,2879,EVALUADO
9971,3640,VENCIDO
9972,1648,DESESTIMADO
9973,522,PENDIENTE
9974,2759,PENDIENTE
9975,4218,SUBSANADO
9976,4799,VENCIDO
9977,7683,VENCIDO
9978,8836,EVALUADO
9979,4657,SUBSANADO
9980,7035,EVALUADO
9981,5971,VENCIDO
9982,7298,DESESTIMADO
9983,1962,DESESTIMADO
9984,4590,PENDIENTE
9985,9151,APROBADO
9986,3872,PENDIENTE
9987,4173,PENDIENTE
9988,3268,SUBSANADO
9989,2876,DESESTIMADO
9990,3504,EVALUADO
9991,4527,EVALUADO
9992,9640,VENCIDO
9993,935,DESESTIMADO
9994,3547,DESESTIMADO
9995,9412,APROBADO
9996,216,SUBSANADO
9997,7376,VENCIDO
9998,7984,APROBADO
9999,791,VENCIDO
